{"type":"FeatureCollection", "features": [
{"type":"Feature","geometry":{"type":"Polygon","coordinates":[[[84.25959109865028,60.85551056605976],[83.99717817603204,60.82610667598223],[83.89186160732726,60.871736966287955],[83.61621951711703,60.981781928393275],[83.50356489510386,61.04723012986659],[83.14420698406502,61.028213203476525],[82.407404413383,60.72301219355785],[82.39117801315473,60.71151418673031],[82.38818077961923,60.63994232877539],[82.3624459166457,60.600642402325036],[82.19046674964079,60.53082754175759],[82.13899702279434,60.531964423319465],[81.90572960783516,60.62963288035317],[81.83038536998885,60.64472239901946],[81.54513146424569,60.63133820269587],[81.49769249880978,60.61547353857293],[81.14050499900645,60.63666087529916],[81.06081993958861,60.680327459944294],[81.03560184055249,60.7494188500998],[81.01720503088745,60.75724782982351],[80.72347619027397,60.79662527153903],[80.62353397011663,60.76869415980764],[80.44152957642876,60.76706635183069],[80.41393436058223,60.76063263608731],[80.20867557172022,60.67014720273119],[80.16537072138169,60.663584295778605],[79.85334842299136,60.691902981137616],[79.50256880140904,60.68658030943368],[79.35952843558886,60.663584295778605],[79.28459760889262,60.72559601504406],[79.28883507677739,60.77032196688529],[79.31363976376412,60.79231028928842],[79.16853234219388,60.8365969924572],[79.1095178573633,60.82548655925734],[78.9598629086463,60.81954376902968],[78.90694624187557,60.78802114545951],[78.8064872577807,60.77983043142919],[78.69941368988987,60.82755361590665],[78.67491906126571,60.82796702705667],[78.47441450422593,60.7774791530405],[78.16414920412245,60.80313650254752],[78.07939985541901,60.79520416913715],[77.9411137232197,60.74916046858078],[77.88003217994111,60.756627713098425],[77.82494510283419,60.79184520129496],[77.7022652532388,60.82517649999542],[77.56201541537916,60.82905223177502],[77.40750288295169,60.81106883415936],[77.31169477699234,60.83230784772891],[77.25185346896245,60.83421987654606],[77.13609825972685,60.856130682784766],[77.08659223764164,60.833186346872395],[77.06757531125157,60.72631948545589],[76.99419477726718,60.73572459631305],[76.97094038299224,60.71035146854538],[76.97032026626727,60.649114894736584],[77.03439904218209,60.62782420522288],[77.05351932225892,60.57754303678175],[77.01269493971972,60.52721019149712],[76.88102339131643,60.48871124892497],[76.83441124907984,60.48276846049606],[76.77963423033555,60.451814276807454],[76.74935184111456,60.346911119252695],[76.81756473212664,60.329961249512024],[76.84795047413508,60.26614085601568],[76.78108117115909,60.17291657244189],[76.69860558467997,60.11726105455395],[76.7486283707027,60.08041575838058],[76.75751671672305,60.056722114533926],[76.7384997903331,59.935980130378766],[76.74149702296921,59.75779979072772],[76.72795779791409,59.729481106268],[76.65633426311581,59.692739162882106],[76.64620568184682,59.66602244707826],[76.64548221233417,59.585097154210246],[76.63204634006661,59.57657054339586],[76.4401200697854,59.54458283093285],[76.17171268099548,59.54277415580265],[76.00717492098579,59.42841421234607],[75.89514041479828,59.42639883074145],[75.84336062958948,59.32325267237292],[75.81865929628947,59.2945205758638],[75.76532921657014,59.27064606396462],[75.62838667240698,59.23777985325762],[75.62704308527015,59.21157990229062],[75.68688439330009,59.04006582327909],[75.64161583909964,58.98239492468599],[75.37320844941041,58.78586945311275],[75.1964750505831,58.70049998588556],[75.16071496002746,58.67765900276078],[75.15947472477876,58.6502188183438],[75.15751102091684,58.618205268358395],[75.10521447087109,58.581024075400734],[75.3029285008497,58.4869212917842],[75.3042720888858,58.45105784844105],[75.08009972462264,58.353544420139],[75.07823937444766,58.32997996750146],[75.22189985519412,58.222079576411375],[75.20050581199371,58.1966547718003],[75.10159712061079,58.138932197263074],[75.0929154801654,58.110148423910715],[75.54281049960491,57.94085643207865],[75.56523807157976,57.90519969341119],[75.58053429582111,57.6750328638756],[75.5916964049652,57.650951647300644],[75.66052941270232,57.641934109171814],[75.72708865821505,57.598861802830044],[75.85855350104327,57.39908071620212],[75.95353478380332,57.40512685831797],[75.99249881436879,57.38486969757855],[76.10866743385498,57.25025259158383],[76.80216515509778,57.210048325769606],[76.91854048015904,57.1878791371125],[78.44433881968081,57.16131745093958],[78.44764611157876,57.12188833327991],[79.58979861791192,56.92856679991786],[80.24856977737335,56.4547197542133],[80.31027143827623,56.438622545194335],[80.4708817887635,56.45412547501067],[81.12231489491643,56.532621975124016],[81.21460900340281,56.50755890571892],[81.42555219917466,56.37332937335185],[81.53334923657803,56.26082978007025],[81.55743045405217,56.2582717961065],[81.9443835791389,56.33945547139288],[82.01921105304763,56.347051907119834],[82.14602501774039,56.334572049260714],[82.29371626169609,56.3558369003527],[82.34239546058205,56.35563019477763],[82.42652469256052,56.394310004503126],[82.50042199138181,56.40456777608202],[82.55953982899985,56.40177724902085],[82.6635128105678,56.42575511280825],[82.70692101369383,56.42777049441278],[82.76107791481394,56.41128571176611],[82.80696658663868,56.42632355448845],[82.8331148616615,56.45484894542241],[82.80138553341561,56.514690253452414],[82.85647260872389,56.532621975124016],[82.93564090420432,56.526885891370796],[82.9958956242836,56.50786896408147],[83.09604454911664,56.54931346334564],[83.25169396400526,56.45562409087904],[83.24662967292107,56.42198273381612],[83.15392215418404,56.38193349943137],[83.20342817626937,56.34379629206521],[83.13748904838081,56.29434194592406],[83.13748904838081,56.27573842978464],[83.07248009557992,56.23853139930466],[83.10824018793431,56.21222809555013],[83.16932173031364,56.23672272417437],[83.21438357893896,56.2120730659193],[83.19040571515166,56.19434804982265],[83.14110639774202,56.19181590428053],[83.1275671726869,56.13169037541053],[83.2048751161937,56.10272573490474],[83.25572472541575,56.116006578440846],[83.291588168759,56.096111152008035],[83.2308166847422,56.05663035750493],[83.24600955619616,56.02732982021507],[83.35349653523701,55.969142158583736],[83.35411665196193,55.94454417627273],[83.40661990758264,55.8934620230539],[83.36186811731977,55.880362047570486],[83.36021447092105,55.84455027927194],[83.29334516794512,55.851009833437104],[83.26947065604594,55.77757762350848],[83.22316857307118,55.73701162428702],[83.27629194541692,55.71153514283253],[83.30213016117801,55.682157091176805],[83.34109419084422,55.71732290342928],[83.40289920363529,55.73520294915673],[83.42935753792005,55.72739980695545],[83.42222619018656,55.68058096004327],[83.47266238825858,55.7074527045786],[83.5681604349561,55.69269908269652],[83.64495161272669,55.70119985598856],[83.67316694529825,55.72672801428641],[83.67213341742325,55.763521634515826],[83.71760867719865,55.82119253220955],[83.78272098188779,55.88211904585725],[83.83553429587107,55.885426336855915],[83.90953494658055,55.91317658143407],[83.92193729007391,55.96828949606342],[83.95108279773297,56.00490224913949],[84.00141564301748,56.02200714851105],[84.09960086488798,56.03223908076896],[84.19675255708478,56.05482168237472],[84.25618045396476,56.04391795474976],[84.32904422401174,55.9875389682488],[84.37100548721344,55.993068346427066],[84.41038292802966,56.04407298438076],[84.43136356008023,56.05663035750493],[84.89293745260142,56.16959503788064],[84.93768924376354,56.17522776974573],[84.99091596889684,56.15047475870318],[85.00094119737832,56.12980418591437],[85.09530236161464,56.15905304636098],[85.12124393106251,56.215871284232406],[85.25436242118877,56.24514598220128],[85.3180277850542,56.221168118413914],[85.3793160339078,56.212693183543564],[85.68792768761278,56.23884145856641],[85.66529341006287,56.26346527839985],[85.58860558507973,56.276513577039935],[85.5681417169667,56.294290269979996],[85.60648562990792,56.324055895263314],[85.79066043483118,56.36100454422436],[85.78445926308461,56.406169746536534],[85.85442915238343,56.43978526517782],[85.92594933529364,56.43335154943446],[85.98940799358411,56.4539187694356],[86.00894168481085,56.485828965734186],[86.09854861902363,56.48859365527301],[86.12986453611938,56.544042466686506],[86.1807141462408,56.56181916052586],[86.21740441278337,56.62419261319852],[86.31341922431778,56.62693146431562],[86.37718794097071,56.587398993868476],[86.39424116439824,56.54931346334564],[86.53242394380993,56.56879547772917],[86.65251997281848,56.6262596707472],[86.70667687393859,56.631892401712946],[86.78388146375852,56.60636424431448],[86.81933149595181,56.617991441451835],[86.86945763476211,56.59592560558224],[86.85540164576929,56.572929592826426],[86.91296919067565,56.55551463509232],[86.96330203596017,56.57065582880341],[87.03027469262292,56.53636851749309],[87.14768354735781,56.54776316973448],[87.18003299412732,56.6068551698302],[87.13858849486314,56.66150299736543],[87.16670047374788,56.67555898725746],[87.2515531761382,56.664655260531845],[87.33444217286802,56.641504218145144],[87.38456831257753,56.614115708772886],[87.5034241072367,56.652330431404266],[87.6204195499223,56.639747218959],[87.77916955023454,56.54796987620881],[87.79580936071346,56.54789236094368],[87.96241417827173,56.63633657517278],[88.14441857285885,56.71888967601771],[88.32342573391043,56.787955226852205],[88.3919486841844,56.826299139793434],[88.41892378060794,56.82852122697304],[88.51328494664295,56.78914378525752],[88.55183556515925,56.78676666934629],[88.62397586479426,56.83296540043284],[88.63823856026147,56.88676056634705],[88.72092085231543,57.05532908776726],[88.72236779223982,57.086386624243346],[88.63327762196468,57.08127065721513],[88.52961469875936,57.09584341104457],[88.53126834515808,57.1278827994517],[88.6475403183311,57.21165029622421],[88.73859419066946,57.23278595610708],[88.8051534361822,57.32337474225062],[88.86148074673918,57.431688544490726],[88.88855919774892,57.4489484734932],[88.94374962764317,57.45414195398803],[88.99945682237455,57.49473379253055],[89.0771781761319,57.514680894907514],[89.16678510944541,57.61581167346998],[89.26217980335525,57.59989533070495],[89.38041548128945,57.63715403892783],[89.38423953622566,57.66629954748623],[89.35437055905413,57.79629161196837],[89.39064741444668,57.87755280251983],[89.37741824685469,57.916878567392075],[89.32842898960615,57.9500031605175],[88.88194461485222,57.95692780177674],[88.85083540243193,57.96064850482472],[88.71544315008128,58.02886139583674],[88.68743452308473,58.03656118435126],[88.15568403479034,58.10653107454951],[88.1198205914472,58.122292384985656],[88.07279503806058,58.206783352170106],[88.01812137210362,58.2426467964126],[88.0142973162682,58.26827830749784],[87.91817915194628,58.49994375290191],[87.9322351418383,58.5261437038688],[88.38264692611483,58.908911037914095],[88.39959679585542,58.91785106077788],[88.79667850131187,59.0104552267274],[88.82582400897081,59.03453644510091],[88.62025516084702,59.198815822692126],[88.60030805936952,59.23245717975513],[88.62149539609578,59.29302195909625],[88.58594201021572,59.29865469006188],[87.93626590414829,59.26615021456075],[87.87838829998009,59.288991196786355],[87.55386030530894,59.64070099615412],[87.491951938831,59.67361888280527],[87.21362267524637,59.68503937436759],[87.16887088408413,59.715425117275345],[87.10251834504555,59.86699209301065],[87.08412153538058,59.882753404346204],[86.62544152180885,59.950036119371504],[85.96822065595859,59.9558755559122],[85.49631147659335,59.89159007442251],[84.69191613162434,59.90481924111509],[84.62225630068781,59.94424835877476],[84.53130578023769,59.974995835989034],[84.53512983607322,59.99039541301798],[84.60065555191227,60.03705923119861],[84.61057742670698,60.05917674391165],[84.621326124701,60.17400177716024],[84.63186811712,60.20557607757394],[84.67434614515861,60.23022573492983],[84.72261193199506,60.3061900912997],[84.78359012158694,60.37052724873365],[84.70834923742746,60.45894562454103],[84.35529585182218,60.79091502530824],[84.25959109865028,60.85551056605976]]]},"properties":{"adm1_code":"RUS-2167","diss_me":2167,"iso_3166_2":"RU-TOM","wikipedia":null,"iso_a2":"RU","adm0_sr":1,"name":"Tomsk","name_alt":"Tomskaya","name_local":"Томская область","type":"Oblast","type_en":"Region","code_local":null,"code_hasc":"RU.TO","note":null,"hasc_maybe":null,"region":"Siberian","region_cod":null,"provnum_ne":20099,"gadm_level":1,"check_me":20,"scalerank":2,"datarank":2,"abbrev":null,"postal":"TO","area_sqkm":0,"sameascity":6,"labelrank":6,"featurecla":"Admin-1 scale rank","name_len":5,"mapcolor9":7,"mapcolor13":7,"fips":"RS75","fips_alt":null,"woe_id":2346928,"woe_label":"Tomskaya Oblast, RU, Russia","woe_name":"Tomsk","latitude":58.4467,"longitude":82.2299,"sov_a3":"RUS","adm0_a3":"RUS","adm0_label":2,"admin":"Russia","geonunit":"Russia","gu_a3":"RUS","gn_id":1489421,"gn_name":"Tomskaya Oblast'","gns_id":-3019683,"gns_name":"Tomskaya Oblast'","gn_level":1,"gn_region":null,"gn_a1_code":"RU.75","region_sub":"West Siberian","sub_code":null,"gns_level":1,"gns_lang":"fas","gns_adm1":"RS75","gns_region":null,"min_label":5,"max_label":10.2,"min_zoom":4.7}},
{"type":"Feature","geometry":{"type":"Polygon","coordinates":[[[88.60877351988205,55.445589632855274],[88.68226688011248,55.5160431991344],[88.87812055901657,55.62068797517006],[89.0615718926287,55.69285411232744],[89.1699890476566,55.70404205989317],[89.21680789636741,55.74238597283437],[89.27396203012353,55.76460683923426],[89.36284549392434,55.7725391708461],[89.38816694484865,55.79649119711104],[89.38206912588947,55.83328481734054],[89.43860314292078,55.84511872005288],[89.44335737474307,55.876021226898246],[89.3297725767431,55.9021695010216],[89.30734500476814,55.925785631401766],[89.31592329332534,55.961235662695685],[89.28729454960387,55.97916738526661],[89.24295617139035,56.04371124917489],[89.27561567562293,56.05378815449981],[89.22135542171543,56.095077623233806],[89.19872114506478,56.134558416837535],[89.11769249940937,56.147735908485345],[89.11521202981129,56.196621812946404],[89.05630089686906,56.2101093611582],[89.06033165917881,56.29697744425377],[89.04100467262748,56.30467723186882],[88.9131571800599,56.309819037318675],[88.91501753113437,56.34591502555804],[88.86148074673918,56.366327215928294],[88.73352990138392,56.375964870782184],[88.65095096211724,56.424463203414206],[88.59245324122412,56.443635159435075],[88.62500939266931,56.51662811979199],[88.60816287571612,56.5365235462248],[88.53684940017968,56.54543773156604],[88.50367313021076,56.5840141867053],[88.51669559132847,56.62656972910975],[88.66118289617384,56.63628489832951],[88.68040652903824,56.677264308700984],[88.73828413320621,56.7004153510876],[88.72112755699118,56.73165375381777],[88.64671349513168,56.749352932391986],[88.64195926330945,56.825213935075084],[88.62397586479426,56.83296540043284],[88.55183556515925,56.78676666934629],[88.51328494664295,56.78914378525752],[88.41892378060794,56.82852122697304],[88.3919486841844,56.826299139793434],[88.32342573391043,56.787955226852205],[88.14441857285885,56.71888967601771],[87.96241417827173,56.63633657517278],[87.79580936071346,56.54789236094368],[87.77916955023454,56.54796987620881],[87.6204195499223,56.639747218959],[87.5034241072367,56.652330431404266],[87.38456831257753,56.614115708772886],[87.33444217286802,56.641504218145144],[87.2515531761382,56.664655260531845],[87.16670047374788,56.67555898725746],[87.13858849486314,56.66150299736543],[87.18003299412732,56.6068551698302],[87.14768354735781,56.54776316973448],[87.03027469262292,56.53636851749309],[86.96330203596017,56.57065582880341],[86.91296919067565,56.55551463509232],[86.85540164576929,56.572929592826426],[86.86945763476211,56.59592560558224],[86.81933149595181,56.617991441451835],[86.78388146375852,56.60636424431448],[86.70667687393859,56.631892401712946],[86.65251997281848,56.6262596707472],[86.53242394380993,56.56879547772917],[86.39424116439824,56.54931346334564],[86.37718794097071,56.587398993868476],[86.31341922431778,56.62693146431562],[86.21740441278337,56.62419261319852],[86.1807141462408,56.56181916052586],[86.12986453611938,56.544042466686506],[86.09854861902363,56.48859365527301],[86.00894168481085,56.485828965734186],[85.98940799358411,56.4539187694356],[85.92594933529364,56.43335154943446],[85.85442915238343,56.43978526517782],[85.78445926308461,56.406169746536534],[85.79066043483118,56.36100454422436],[85.60648562990792,56.324055895263314],[85.5681417169667,56.294290269979996],[85.58860558507973,56.276513577039935],[85.66529341006287,56.26346527839985],[85.68792768761278,56.23884145856641],[85.3793160339078,56.212693183543564],[85.3180277850542,56.221168118413914],[85.25436242118877,56.24514598220128],[85.12124393106251,56.215871284232406],[85.09530236161464,56.15905304636098],[85.00094119737832,56.12980418591437],[84.99091596889684,56.15047475870318],[84.93768924376354,56.17522776974573],[84.89293745260142,56.16959503788064],[84.43136356008023,56.05663035750493],[84.41038292802966,56.04407298438076],[84.52861860506454,56.041902574044514],[84.53295942573686,56.001078193303954],[84.5665491068558,55.96141653074832],[84.50588097472723,55.95694651976606],[84.52644819472835,55.93312368381095],[84.50629438677652,55.86821808469688],[84.60561649020889,55.84072622343649],[84.5842224470083,55.80543121997482],[84.62173953585085,55.78729279182886],[84.61254113236731,55.75303131804088],[84.54784223792893,55.73050039327853],[84.565618930869,55.70884796855884],[84.64210005117639,55.67360464104132],[84.70927941341421,55.6617707383289],[84.77098107341789,55.53981435824602],[84.72395552003121,55.49242707055282],[84.76312625527248,55.466898912254976],[84.74204227133373,55.444936428273564],[84.6425134623264,55.41594595024543],[84.65770633288093,55.39907359487046],[84.73098351407793,55.39116710078105],[84.76591678323291,55.40359528269613],[84.84270796100355,55.40256175392173],[84.87547081892325,55.3885316033508],[84.86771935356529,55.3007075058467],[84.82255415215235,55.24624054636408],[84.8306156758727,55.228308823793185],[84.91577843572622,55.165263577552025],[84.90482303305663,55.0429971382074],[84.88260216665674,54.985274562770854],[84.92787072085713,54.955974026380176],[84.98357791468902,54.94021271414536],[85.02553917789072,54.886572577862154],[85.07607872875042,54.868279120085276],[85.06925744027859,54.833242499042115],[85.03773481580913,54.811641751165865],[85.01944135893154,54.772936103018765],[84.95453575981747,54.74446238892813],[84.94451053313469,54.72482534401442],[84.99649702301917,54.71500682200718],[85.04331587083072,54.66232270013248],[84.94833458897006,54.60410919918016],[85.07938602064837,54.46938874039802],[85.16000125515376,54.48716543243873],[85.43481652216474,54.211549181549515],[85.46778608565933,54.20387523145669],[85.5770300638863,54.23183217981125],[85.63656131355378,54.21911977795537],[85.7061177917027,54.15956268986619],[85.75965457609783,54.1515270054669],[85.8108142436825,54.12620555274401],[85.89628706279774,54.06383209917209],[85.94382938012183,54.03990591132876],[86.11746219262614,54.0002184112507],[86.18319461493951,53.95567332656282],[86.23228722497544,53.88650442204144],[86.29171512185542,53.87624665046255],[86.38514611190351,53.784986069851215],[86.40560997911729,53.7509313007389],[86.39506798669817,53.69524994622799],[86.45480594284004,53.61404043251997],[86.5133036637331,53.601896471445],[86.56880415199004,53.53802440020587],[86.61541629422663,53.515958564336245],[86.72342003810428,53.48407420556012],[86.85044070837199,53.47575430032069],[87.00536665194937,53.508103746190926],[87.0194226418414,53.48143870723058],[86.93353641067677,53.453120021871484],[86.93694705626166,53.42810862930972],[86.98345584481137,53.4074380565211],[86.88092980316787,53.307004909948574],[86.81726443930239,53.27028880498432],[86.75566613208628,53.2653278666877],[86.71484175044645,53.24470897074232],[86.66843631378492,53.25540599189296],[86.70522993401426,53.19633983021899],[86.75711307201061,53.184505927506564],[86.79183963379205,53.15205312794947],[86.87917280488108,53.1205305043793],[86.94325158079585,53.07952525468676],[87.01601199715589,53.087922675191294],[87.07699018764708,53.075210273335415],[87.06975548712603,53.03195709894101],[87.02272993373941,52.99903921228986],[87.02614057842493,52.92100779927057],[86.94449181514511,52.86240672469057],[86.98779666458444,52.788819485131114],[87.0503251477873,52.75977733025954],[87.07998742118258,52.70882436825002],[87.15274783664336,52.72468903327223],[87.1750720558307,52.706033841188855],[87.18747440022338,52.635030423115495],[87.17321170385702,52.61162099920978],[87.17527876230514,52.58691966411118],[87.21341596877193,52.58255300591648],[87.334028761718,52.5975133333736],[87.35800662640469,52.583974107419095],[87.37030561711055,52.518267524426676],[87.3923197770361,52.50578766476892],[87.57887169787051,52.48733917915979],[87.63550906768933,52.44979625099617],[87.67168257029437,52.45416291009022],[87.73545128784667,52.490336411795994],[87.82061404770008,52.50578766476892],[87.87384077283343,52.54407990176608],[87.92376020696798,52.547593899239075],[88.11341271412545,52.46850311992307],[88.20095258989011,52.415922349936494],[88.24560102736547,52.42083161138967],[88.3161910342888,52.44666982715077],[88.41323937369822,52.45514476202109],[88.42843224515201,52.435611069894975],[88.40869184835009,52.38326284390507],[88.41830366388302,52.35068085403816],[88.36311323398854,52.29869436325424],[88.37055464098387,52.19645254245091],[88.36476688038721,52.16800466588262],[88.45592410731166,52.172164619401684],[88.50615359890946,52.20291209571661],[88.68805464070914,52.25668142410848],[88.72236779223982,52.31313792587457],[88.67079471170655,52.32884756126586],[88.67606570836568,52.35246369074673],[88.75213341662385,52.40589712235436],[88.85734663344033,52.44646312157582],[88.94457645084253,52.48795929588479],[88.98343712772123,52.525321356895034],[89.02167768787507,52.5377495388102],[89.07149376832274,52.58567942976191],[89.11541873628573,52.59777171489273],[89.11510867702384,52.62640045771488],[89.04317508296367,52.67812856697978],[89.05444054579453,52.713681952859844],[89.14435753836966,52.7304767929696],[89.2356181171823,52.810032661178326],[89.18228803926155,52.86561066290176],[89.11107791471403,52.8667475453629],[89.11820926334678,52.9199742704962],[89.0650858910011,52.95402903870922],[88.99945682237444,52.94979157172364],[88.89507042785795,52.987360338308974],[88.931657341613,53.048390203844775],[89.00007693909947,53.07603709653483],[89.04906619724716,53.13045237917393],[89.00679487478362,53.18486766181314],[89.05061648995905,53.24943736414306],[88.96317996608258,53.350490628339855],[88.89517378064551,53.38661245410148],[88.83099165194318,53.371109524285146],[88.78934044800332,53.34837189394773],[88.76122846911863,53.36506338216935],[88.79988244042232,53.43668691696763],[88.86303104035022,53.48019847288123],[88.87626020704295,53.54117666337237],[88.83388553269128,53.58461070402072],[88.89134972480997,53.59957103147792],[88.91222700407292,53.625202542563244],[88.99294559136598,53.660730089122325],[89.03159956266973,53.75312755039616],[89.10218956869357,53.781523749221634],[89.18146121606225,53.78074860286574],[89.20213178885092,53.805501613908405],[89.27375532364931,53.84911652350877],[89.24698693190146,53.864412746850746],[89.19820438022793,53.86144135173697],[89.17619022030237,53.88766714112566],[89.21990848179104,53.9325481234971],[89.197170852353,53.947715156529256],[89.12286014238168,53.959962470391616],[89.07273400267212,53.95257274023973],[88.98147342296005,54.065227363152246],[89.00524458207184,54.10057404255798],[89.04679243412352,54.11736888356711],[89.18724897665896,54.147392890369616],[89.18166792163726,54.201239732227805],[89.21856489465426,54.242529201861174],[89.17805057227605,54.28870209452603],[89.1928300307813,54.316323146995614],[89.12916466691593,54.35048126889541],[89.06725630133718,54.33510753028827],[89.00431440608492,54.29012319602873],[88.952327915301,54.32030223246207],[88.9548083839997,54.369162299400585],[88.87129926964553,54.4095991074129],[88.79771203008607,54.40706696187078],[88.76153852658172,54.37792145421173],[88.70366092331295,54.35869782224671],[88.67069135891904,54.32572825785283],[88.63524132672586,54.32164582049819],[88.56082726396716,54.2877460801175],[88.53250857860797,54.344331773092875],[88.39525597518309,54.378799954254475],[88.37685916461874,54.39290762009057],[88.51855594330209,54.41605866247727],[88.56589155505117,54.46750255000268],[88.56919884604991,54.499981187981405],[88.60299523274375,54.52168528954451],[88.58046430888078,54.57811595288888],[88.6106433453142,54.61310089798809],[88.61260705007533,54.6968683947606],[88.65219119736588,54.76280752174978],[88.71771691320504,54.76415110888661],[88.7530635917114,54.80456207937641],[88.74758589127583,54.890138251279296],[88.68774458234657,54.87680573179904],[88.65994266092508,54.90300568276601],[88.67668582599003,54.93091095607579],[88.66149295363698,54.96868642823608],[88.61787804583508,54.967394517942665],[88.54666792218694,55.023205065461326],[88.5499752140849,55.08335643185387],[88.50429324693584,55.12182953600427],[88.47246056500302,55.201178696839406],[88.40807173072574,55.24086619691744],[88.39649621043174,55.2790034042836],[88.43556359198612,55.313652451699284],[88.50263960233576,55.34060171239912],[88.56155073437884,55.388092352879795],[88.60877351988205,55.445589632855274]]]},"properties":{"adm1_code":"RUS-2401","diss_me":2401,"iso_3166_2":"RU-KEM","wikipedia":null,"iso_a2":"RU","adm0_sr":1,"name":"Kemerovo","name_alt":"Kemerovskaya Oblast","name_local":"Кемеровская область","type":"Oblast","type_en":"Region","code_local":null,"code_hasc":"RU.KE","note":null,"hasc_maybe":null,"region":"Siberian","region_cod":null,"provnum_ne":20094,"gadm_level":1,"check_me":20,"scalerank":2,"datarank":2,"abbrev":null,"postal":"KE","area_sqkm":0,"sameascity":6,"labelrank":6,"featurecla":"Admin-1 scale rank","name_len":8,"mapcolor9":7,"mapcolor13":7,"fips":"RS29","fips_alt":null,"woe_id":2346901,"woe_label":"Kemerovskaya Oblast, RU, Russia","woe_name":"Kemerovo","latitude":54.6462,"longitude":87.1676,"sov_a3":"RUS","adm0_a3":"RUS","adm0_label":2,"admin":"Russia","geonunit":"Russia","gu_a3":"RUS","gn_id":1503900,"gn_name":"Kemerovskaya Oblast'","gns_id":-2923679,"gns_name":"Kemerovskaya Oblast'","gn_level":1,"gn_region":null,"gn_a1_code":"RU.29","region_sub":"West Siberian","sub_code":null,"gns_level":1,"gns_lang":"rus","gns_adm1":"RS29","gns_region":null,"min_label":5,"max_label":10.2,"min_zoom":4.7}},
{"type":"Feature","geometry":{"type":"Polygon","coordinates":[[[119.10810997869254,58.22269969313629],[119.12051232308534,58.29809560782613],[119.07038618427498,58.341219591011395],[119.0763806504466,58.37194122980398],[119.1101770371406,58.39566071207224],[119.13239790264112,58.47234853795476],[119.10707645081754,58.49141714118815],[119.04372114531463,58.500047105689504],[118.98015913333751,58.542783515247095],[118.9148401230733,58.54802867348454],[118.82120242655094,58.57425446197385],[118.77634728439978,58.60396841131319],[118.8156213733277,58.614510402832934],[118.87876997325566,58.69675344531535],[118.87711632685705,58.75455353511765],[118.89292931503587,58.8164102238527],[118.8702950383855,58.84152497010132],[118.81314090372973,58.867156481186726],[118.78554568878258,58.89999685347203],[118.79536421078973,58.93464590088763],[118.84838423124734,58.95107900669086],[118.84621382001171,59.01340078431883],[118.73852013629516,59.02843862614182],[118.70720421830015,59.06383698239088],[118.68870405494829,59.19145193096196],[118.71092492134801,59.22194102575784],[118.80435590959758,59.2547813989425],[118.80290896967324,59.277157294073845],[118.83970258990269,59.300411689248136],[118.75805382662281,59.332916164749264],[118.7586739442471,59.40009552698709],[118.73386925726038,59.41978424694554],[118.6593518408149,59.43104970977623],[118.58617801330468,59.45487254483217],[118.53429487530832,59.48582672852078],[118.40727420504061,59.512336737850205],[118.37544152220858,59.53499685292246],[118.33596072770536,59.595639147528715],[118.27208865826503,59.60923004852799],[118.1620178568387,59.60948843004701],[118.05825158084588,59.58264252393343],[117.97381229140427,59.521845201494926],[117.9475606626944,59.46453603810778],[117.90601281064278,59.44386546531908],[117.8189896988157,59.45469167677953],[117.76896691279285,59.5356944849126],[117.71377648289831,59.52923493074752],[117.59750451062473,59.472313340987995],[117.4550842633281,59.499986070300906],[117.3523515161096,59.49735057197137],[117.2290515479906,59.53342072178884],[117.1959786317085,59.56892243082558],[117.08931847496768,59.58840444610837],[117.1903975766869,59.64638540306393],[117.21861290925841,59.73309845652858],[117.22822472479118,59.798314114005194],[117.20507368420328,59.84559804981018],[117.14812625512263,59.858620510028544],[117.06513390470604,59.90791982743815],[117.09241906129068,59.95334341126946],[117.12456180158586,59.964608873200945],[117.2056938009282,59.952774970488605],[117.29716108621517,59.98739818038186],[117.29633426301586,60.01892080305265],[117.213651971861,60.02238312458161],[117.1715873558718,60.035405584799946],[117.07660607311186,60.02915273710923],[117.04198286321855,60.04225271349199],[117.04249962805534,60.079898994443084],[116.95433963376718,60.168575750870275],[116.89522179614903,60.19348379244303],[116.82122114543961,60.24671051757642],[116.72158898274529,60.26624420790398],[116.643867628988,60.33171824779899],[116.58237267455934,60.35993358037041],[116.34776167156394,60.39078441037225],[116.25029992100457,60.37688345011125],[116.18673790902744,60.39894928688014],[116.07542687415093,60.406907456913586],[115.99894575384349,60.457240302198215],[115.84205610640424,60.467704780251466],[115.73704959516272,60.51796011027096],[115.68630333872807,60.52622833956633],[115.39474490755146,60.48705760432506],[115.23816531757541,60.4469566921976],[115.11217817608201,60.39455679026375],[115.06928673689345,60.358383286759334],[115.03611046782385,60.29352936538797],[115.00675825369046,60.26851797102762],[114.90113162572402,60.22862376627387],[114.83591596914675,60.190383206120146],[114.78785688698576,60.187747707790436],[114.74765262297024,60.216841539505424],[114.69711307211071,60.219218655416654],[114.64078576065435,60.1615994327677],[114.54022342287271,60.10206818310024],[114.52565066904322,60.040831611090084],[114.56316775878508,60.022486477369],[114.54549441863253,59.98543447472127],[114.3090230645629,59.8788776725666],[114.2256173038956,59.79394745491115],[114.16122846871895,59.74772288720152],[114.05405154804043,59.74069489225542],[114.03017703704063,59.68111196574475],[113.9336454606696,59.68876007831503],[113.84930952401544,59.68157705283883],[113.83318647657472,59.64881419491911],[113.77933963381702,59.608558254959576],[113.63030480362386,59.57967112881957],[113.59175418510767,59.565201727777605],[113.60498335180034,59.49905589521336],[113.52612511558175,59.442676906913675],[113.46483686672798,59.425106920448115],[113.43517459513157,59.402265937323165],[113.43011030494654,59.36283681876421],[113.4746553887353,59.33131419519404],[113.45687869669462,59.299093940533],[113.46473351394059,59.266305244191756],[113.26422895690087,59.156854560389604],[113.21792687392616,59.150860094218075],[113.15219445161256,59.16445099611664],[113.09400678908196,59.148896389456866],[112.97112023301224,59.13618398670161],[112.91613650869283,59.15163524057397],[112.86466678274587,59.11406647398866],[112.72762088399656,59.08342235046115],[112.64442182800508,59.03365794505825],[112.57403852665664,59.06905630220669],[112.55440148264228,59.033399563539035],[112.6124857932848,58.95448965137638],[112.52019168479853,58.87632904714792],[112.49145958918871,58.87222077137153],[112.45115197058692,58.924000556580495],[112.44929162041194,58.98239492468599],[112.46644819482856,59.02099721914641],[112.44960167877457,59.11416982677605],[112.46520796137838,59.167758287115305],[112.54571984309626,59.23762482452608],[112.63884077388269,59.28020620445287],[112.63108930942417,59.31048859277439],[112.43544233609498,59.32630158095327],[112.33880740783559,59.29973989478043],[112.28806115140111,59.30397736356446],[112.30573449065423,59.33627513349063],[112.27762251176966,59.36986481371022],[112.3274385931166,59.405418198690995],[112.3228910668692,59.430429593051315],[112.27235151600962,59.466551418813054],[112.27545210233268,59.499314276732576],[112.21788455562785,59.5003994823503],[112.11721886595797,59.42464183245468],[112.08693647673715,59.39136220969817],[111.99288536996403,59.34387156831821],[111.962809686318,59.292246812740245],[111.93252729709707,59.27188629831397],[111.77584435433351,59.27576203099295],[111.68902794808139,59.22744456641357],[111.62525923142846,59.20734243440589],[111.56169721855184,59.2223286002847],[111.47012658137669,59.267287096122715],[111.31633751756237,59.257468574115364],[111.16378868989608,59.18941071183497],[111.10839155532608,59.22945994711881],[111.07583540208219,59.2382966171952],[110.99501346200162,59.20915110953615],[110.95201867092499,59.228994859125464],[110.82458458860793,59.25343781180567],[110.7134802593065,59.258915514039785],[110.65498253841349,59.24170726188072],[110.62738732256696,59.2069806991999],[110.58036177007978,59.19080597581524],[110.58935346888757,59.13132640209176],[110.54098432836406,59.10006216094007],[110.53736697810365,59.06311351197894],[110.47091108627768,59.03355459317004],[110.33737918500151,59.02929128686338],[110.28663292856675,58.985237127691306],[110.11930464059662,58.98037954398083],[110.01522830624128,59.00027497041364],[109.91538943887156,59.00761302372217],[109.83136355968048,58.98079295513085],[109.77824018823407,59.01784495687929],[109.75684614503359,59.05574962024886],[109.71281782428332,59.07499909153498],[109.63644005676315,59.065955715883604],[109.63592329282574,59.126933906374745],[109.62000695185935,59.158301500314025],[109.531743605683,59.184191392918535],[109.53866824784143,59.21977061632094],[109.50063439326266,59.25250763581877],[109.51024620969486,59.288862006476535],[109.31118859257947,59.30340892188434],[109.26778038855417,59.31596629500859],[109.25207075406217,59.367410183433236],[109.3350631035795,59.40107737891793],[109.34798221190954,59.418078925502016],[109.26943403495284,59.44908478513469],[109.34054080581359,59.51678091131012],[109.40565311140199,59.548045152461896],[109.42963097518941,59.57915436488213],[109.5173775574284,59.62964223889824],[109.527299432223,59.659407864181645],[109.4924695167548,59.67945832024526],[109.48316775868523,59.70886221032271],[109.50373497868634,59.76384593374286],[109.54724653459994,59.80544546173877],[109.63065229706592,59.85009389921416],[109.65039269386779,59.87055776642782],[109.63034223780414,59.91360423434804],[109.67705773282819,59.93174266249392],[109.6952478369181,59.96280019807082],[109.76387413908026,60.02698232677295],[109.71870893766743,60.05731639283721],[109.69442101371885,60.12857819332896],[109.74051639201787,60.233481349984345],[109.8004610537347,60.250224514150034],[109.81027957574184,60.30965241192928],[109.87435835165661,60.33822947880748],[109.85906212831458,60.36623810490465],[109.93254601418721,60.3903193223789],[109.95218305910089,60.41238515914779],[109.916836378796,60.450574042458186],[109.97378380697717,60.499253242243356],[110.00778690014533,60.510622056962404],[110.0396195820781,60.554391995294424],[110.11620405517306,60.587051500426384],[110.11765099509739,60.62100291585202],[110.05677615829313,60.67386790577925],[110.20953169243364,60.67340281778587],[110.25976118403162,60.6903268500042],[110.27299034982485,60.75830719701952],[110.28849327964116,60.77016693815375],[110.23350955622101,60.79716787389833],[110.2397107279678,60.83096425969279],[110.32042931526075,60.901450913828654],[110.37262251161974,60.928115952789],[110.45840538909749,60.988267320080894],[110.46129926984548,61.03286408071284],[110.51669640531486,61.091206773773536],[110.50605106010846,61.13812897437268],[110.48134972500986,61.1592129583114],[110.38729861913612,61.17983185515607],[110.32011925689812,61.14877431957916],[110.23847049361837,61.148154201954895],[110.16881066268189,61.16407054292134],[110.12230187413218,61.21290477233751],[110.09439659992324,61.26264333841931],[110.06659468030028,61.275484931484414],[109.92448449136617,61.30199494081393],[109.86061242102642,61.29677562099812],[109.79239953001428,61.32519765914469],[109.80428510867085,61.37439362196818],[109.84624637277204,61.424364732946145],[109.8273327982701,61.472733873469565],[109.87353152935657,61.516813870164015],[109.85131066295673,61.5572765156987],[109.75281538272384,61.631897284931824],[109.71230106034568,61.64807200831649],[109.71230106034568,61.67411693055192],[109.62000695185935,61.718093574458976],[109.6187667184094,61.753569444174616],[109.59375532404897,61.815762031492596],[109.59778608635895,61.87043569655029],[109.74361697834092,61.978439440427934],[109.81927127544907,62.00768829997509],[109.91032514868675,62.117500718983024],[109.99951867084997,62.163544420438654],[109.99548790943953,62.190364488130626],[109.93781701084635,62.23263580969498],[109.99569461501449,62.27754263048803],[109.94742882727854,62.34043284799765],[109.89275516222096,62.35872630487515],[109.91817996593272,62.40632029904259],[109.828883090982,62.41954946573529],[109.74351362465404,62.41174632443338],[109.64605187409472,62.416707261830794],[109.55665164635639,62.43143504529121],[109.49681033742718,62.411177884551705],[109.40027876195529,62.46352610874297],[109.30591759592033,62.483628242549486],[109.26716027182908,62.523522447303236],[109.25641157383501,62.57256338229428],[109.36989301994697,62.577007554854816],[109.37836795481729,62.6393810093262],[109.43304161987493,62.655142319762206],[109.46218712843324,62.67886180292993],[109.46869835764306,62.74030508141442],[109.51200320798182,62.77663361275111],[109.62310753818235,62.80216177014967],[109.64512169810791,62.832986761729614],[109.61442589683776,62.873733629003794],[109.48626834500817,62.91745189139172],[109.46539106664443,62.949646308530305],[109.47479617660247,63.01512034842543],[109.45102501839006,63.036772773145],[109.4591898948978,63.07966421233351],[109.43624555898543,63.0893793815533],[109.45298872315107,63.148962307164794],[109.41660851407175,63.16663564731738],[109.41030399043689,63.19291311354931],[109.45164513601424,63.2227562531985],[109.4244633322171,63.2493696153156],[109.38074506982906,63.25732778624831],[109.38332889221465,63.33047577623603],[109.34209109942469,63.36006053346682],[109.28927778544153,63.34471263328149],[109.26685021436595,63.35938873989841],[109.22261518804055,63.4372134473428],[109.14313683509681,63.47312856752947],[109.13600548736338,63.50413442716214],[109.0527030776849,63.549067084578326],[108.9484200377546,63.551366686123714],[108.85705610615435,63.536948961025814],[108.69530887320587,63.57909109228015],[108.61603722493805,63.57823842975972],[108.54710086531276,63.59896068029124],[108.15963097538918,63.562890530473595],[108.13420617077816,63.57048696620052],[108.11198530527759,63.61673737233187],[108.18960330624753,63.6331704781351],[108.26505089688135,63.6726512717388],[108.2743526549512,63.69642243085059],[108.27941694513589,63.79641632785129],[108.3551745950316,63.82388235069004],[108.4148091983858,63.800059516533565],[108.47744103437617,63.790731920042106],[108.59505659378692,63.80535634981578],[108.62699262940629,63.788509832862616],[108.68683393833567,63.79538279907689],[108.76641564316742,63.860443426922586],[108.7522563013872,63.88188914696667],[108.69003787564748,63.90855418592702],[108.73520307795962,63.97712881124562],[108.70119998569072,64.00549917344816],[108.60332482308218,64.03702179611895],[108.53614546084435,64.10363271847521],[108.49501102084196,64.11572500270674],[108.54027957594161,64.17773672107279],[108.48488243957297,64.20011261710368],[108.52839399638577,64.24042023390675],[108.44085411972179,64.2902363152538],[108.34256554596323,64.29550731101364],[108.32199832596194,64.25757680922246],[108.29574669815167,64.24832672799613],[108.19322065560874,64.25060049111977],[108.14040734342416,64.26062571870202],[108.04201541507939,64.23943838197587],[108.02651248616235,64.22352204011014],[108.1614913273628,64.23804311799552],[108.22360639941587,64.2033682321582],[108.25791955004729,64.12879913976852],[108.32013797398827,64.03903717682422],[108.26288048744448,63.99588735611667],[108.16820926304717,64.00002147121396],[108.11684288898823,63.98291657184228],[108.01834760875522,63.9884976259647],[107.96088341663642,63.9999697943706],[107.84244103402665,63.98612051095293],[107.79396853981632,64.00668773095407],[107.67976362509131,63.989221096376525],[107.61888878828711,63.94834503879247],[107.62126590419825,63.91925120707765],[107.59656456909966,63.87734162071928],[107.5502624861249,63.85700694381538],[107.46230919831083,63.871011257763314],[107.37249555942248,63.86550771800677],[107.32484988841173,63.90907094986443],[107.30758996030852,63.94364248291424],[107.20237674439119,63.956871650506315],[107.14191531783774,63.91051788978885],[107.08093712824581,63.88783193629487],[107.05261844288702,63.89175934491789],[106.97644738184124,63.93956004555969],[106.8484965346874,63.97718048808906],[106.81914432235254,63.973408108197674],[106.76436730270893,63.9956806505416],[106.70101199810529,63.97811066407587],[106.67992801326727,63.93062002179653],[106.70039187958167,63.90783071641454],[106.77987023342462,63.8609601908602],[106.79340945758037,63.84238251404179],[106.7007019388434,63.772593491896146],[106.62949181519525,63.696784166056375],[106.63135216716887,63.67673370999276],[106.69140018077383,63.63632274040222],[106.67021284404757,63.605523587243795],[106.61140506389273,63.563303940724325],[106.59507531087695,63.535243639582376],[106.53130659422413,63.52986929013565],[106.51683719318191,63.482998766380064],[106.57275109258887,63.46387848630323],[106.65181603438242,63.400419827113296],[106.7252999211546,63.3749691840807],[106.68643924427579,63.305025133203344],[106.66142784991541,63.296653551120585],[106.50660525912554,63.30471507394151],[106.46857140544614,63.32724599870386],[106.43756554581336,63.31995962223874],[106.36831912602679,63.27239146649302],[106.36180789591776,63.220895901224964],[106.4212357927978,63.203015856396775],[106.38960981733925,63.13764516928916],[106.40325239518182,63.113305569396516],[106.29245812424313,63.071551011769884],[106.13515506385511,63.068812161552046],[106.12564660021053,63.04824494155082],[106.18404096921529,62.98530304629858],[106.16678104021287,62.956881009051386],[106.21018924423828,62.94504710633896],[106.21297977129956,62.90091543190172],[106.31126834505824,62.88102000636826],[106.43487837064043,62.846706854837464],[106.45988976410138,62.79167145547336],[106.52520877526473,62.74133860928936],[106.49482303325635,62.691884264047644],[106.5916646670907,62.65139577919189],[106.79692345595276,62.60176056589748],[106.72571333230462,62.587704576005365],[106.6611177915529,62.529155178268894],[106.71393110643544,62.48755565027315],[106.54319217288048,62.380068671232294],[106.51559695793338,62.37428091153481],[106.43601525310157,62.38663157818476],[106.42247602714696,62.364152330265824],[106.47911339696577,62.32852143002009],[106.39725792811083,62.31433624891878],[106.3362797376198,62.271909899522285],[106.34093061665459,62.25103262025931],[106.43642866425148,62.24090403899015],[106.44252648321071,62.184783434008324],[106.37514041539782,62.10323802441533],[106.40573286298138,62.08385936102064],[106.38929975807741,62.06277537708209],[106.40387251190691,62.03073598957431],[106.21814741427181,62.0031666121495],[106.14166629396436,61.95242035571482],[106.06146447060894,61.931930650079465],[106.03593631410956,61.898754381009894],[105.90219770725844,61.8348823115694],[105.8863847190795,61.8109819612485],[105.93981814978781,61.7415805118311],[105.94136844339903,61.685382392483405],[105.8765661970724,61.67628733998882],[105.79936160725231,61.61985667574507],[105.71760949118516,61.64962230102839],[105.6111560400193,61.61112335935553],[105.55017785042753,61.56626821630519],[105.36744998632776,61.52983633128173],[105.34698611911415,61.504566555402306],[105.28321740066258,61.475808621370845],[105.2806335800758,61.436095282871065],[105.25324506980411,61.41992055948623],[105.10493371002269,61.41700084121595],[104.95724246606699,61.39831981071069],[104.90401574093363,61.36754649507472],[104.78898400300926,61.34840037747546],[104.83104861899852,61.33165721330977],[104.90215538896001,61.32860830293083],[104.93037072063225,61.31450063709468],[105.00457807781618,61.197556871252715],[104.99155561669846,61.17458669691854],[104.83662967312085,61.176162828052156],[104.74247521356034,61.12024892774582],[104.7097123556407,61.090276597786726],[104.6305440610596,61.08025137020468],[104.60480919808617,61.06454173391393],[104.63519494009438,61.03637807908521],[104.60015831905127,61.00123810525446],[104.61090701704518,60.97633006548017],[104.57111616417961,60.95483266949222],[104.57690392477639,60.934058743016635],[104.62299930217614,60.91307811096601],[104.62858035719773,60.89000458384453],[104.58279503816061,60.869566555052586],[104.50166303881826,60.859696357101285],[104.45970177561657,60.838767401894074],[104.50662397711494,60.7834736192122],[104.56956587056845,60.768125719026784],[104.59447391214127,60.73515615553228],[104.55892052626143,60.707483426219255],[104.5231604348063,60.64490326617289],[104.5514791201652,60.620486151914406],[104.56553510915802,60.548423367544416],[104.63240441303321,60.50323232681052],[104.67157514917375,60.424890856328005],[104.65586551288317,60.409077867249835],[104.77069054613185,60.378511258088196],[104.85016889907547,60.334508774860154],[104.8892362806298,60.30169424099637],[104.99537967343326,60.28417593047487],[105.09036095619331,60.29135895505169],[105.15061567627248,60.277354641103926],[105.22058556467209,60.276217760441426],[105.27453576111657,60.29761180274261],[105.32125125524118,60.295493069249886],[105.37819868432189,60.251206366980284],[105.45157921830628,60.26872467750195],[105.47576378766877,60.25386770283225],[105.47349002544428,60.18588735581682],[105.42377729688474,60.122945462363305],[105.4277047064071,60.095091864997585],[105.48475548737588,60.021918037487524],[105.4885795432113,59.99990387576332],[105.45405968610572,59.9649706084069],[105.43473270135314,59.88962637056059],[105.49054324797271,59.84523631550368],[105.37716515464814,59.821671861067585],[105.29024539560862,59.84931875285815],[105.18637576682812,59.858465481297],[105.1195064638523,59.85283275033126],[105.07837202384985,59.83639964542738],[105.02442182830475,59.834694322185214],[105.03217329276333,59.80472199222612],[105.00488813707796,59.765654608873234],[104.8925435734273,59.74999665032519],[104.79880252501653,59.6908788109084],[104.81006798694807,59.6291254749608],[104.86629194471743,59.59393382428655],[104.85916059788349,59.556675116963135],[104.88324181535745,59.52535919896792],[104.98566450421356,59.461125393422265],[105.11692264236615,59.45709463201166],[105.18131147664332,59.472313340987995],[105.2253397973937,59.42929271148955],[105.21314415857614,59.384850978689855],[105.24146284393504,59.35338003196301],[105.18875288273944,59.31544953107101],[105.24042931516084,59.27684723571139],[105.28807498617164,59.26423818574369],[105.32900271969987,59.1964903845236],[105.30574832632425,59.14424551042208],[105.35349734922329,59.10791697908533],[105.2912789252822,59.061356512792884],[105.23743208162546,59.060090440021895],[105.13490603998173,59.03815379536141],[105.092324660055,58.998879706433286],[105.04633263634219,58.97836416327556],[104.9482507672592,58.95862376647375],[104.89233686695286,58.904983629291166],[104.83942020108145,58.893614814572004],[104.75911502493858,58.82049266210663],[104.86701541512946,58.73538157819729],[104.87249311736366,58.71853506124404],[104.78671023988568,58.66626435051947],[104.63230106024582,58.64711823202083],[104.58992638589399,58.61724925394995],[104.54011030544632,58.63329478612559],[104.45815148290467,58.60226308897049],[104.39396935420234,58.665489204163464],[104.3982068220871,58.6968309605804],[104.37381554625051,58.71326406548434],[104.29867801307978,58.71326406548434],[104.22012983612319,58.75796417890379],[104.17796186734643,58.76659414340503],[104.04680708198134,58.77181346322084],[104.0154911639861,58.74375316028022],[103.97394331283374,58.732410183083516],[103.88764367141835,58.73057567043088],[103.87152062397769,58.744528307535404],[103.94872521379762,58.77388051987015],[103.94893191937257,58.84844961225977],[103.88950402159332,58.90260651337985],[103.79400597489592,58.89767141440433],[103.69292687407608,58.9232254102246],[103.61386193228242,58.91232168170035],[103.5859566589728,58.925034085354895],[103.58223595592472,58.96017405918556],[103.47722944468319,59.00577851017019],[103.37522016787648,59.034123033051515],[103.33470584459906,59.072570298780306],[103.29222781835915,59.139155381815385],[103.24602908727257,59.18005727782116],[103.23869103396402,59.222948717009785],[103.34049360609498,59.23214712229196],[103.32437055865432,59.260104072445074],[103.2393111506891,59.28361684823892],[103.15290815558689,59.26175771794436],[103.0495552916434,59.2763304708746],[103.01741255134823,59.31632803021441],[102.87199506961684,59.264909980211485],[102.83974897743337,59.2193313667492],[102.75934044760356,59.19943594031639],[102.58849816305974,59.203053290576975],[102.5218355647595,59.18605174399289],[102.45486290899623,59.15313385734163],[102.42540734297444,59.11711538436748],[102.4070105333094,59.067402655808024],[102.44866173724944,58.99831126655181],[102.43863650876784,58.94374095338233],[102.53733849457592,58.896586208786516],[102.53527143792655,58.85573598872497],[102.56493371042257,58.802121689964],[102.51966515532274,58.727888496157306],[102.40401329977396,58.6614842802754],[102.31109907366329,58.64233816177676],[102.26479699068852,58.57389272676798],[102.19792768771259,58.528107407730715],[102.16165083231999,58.51560171234917],[102.0011438328217,58.49534454981119],[101.92249230307738,58.46573395415871],[101.77356082567167,58.45327993382199],[101.67847619012406,58.406667792484626],[101.64199262915656,58.35070221623431],[101.56489139212408,58.28786367556822],[101.53088829985512,58.22530935304428],[101.47662804594756,58.21773875573905],[101.38216352712504,58.22316478112981],[101.29762088399661,58.21928904935021],[101.20791059789576,58.14187775305584],[101.11148237521161,58.11020009985475],[101.11406619669759,58.084930324874676],[101.15861128138562,58.05976390178273],[101.13732059097259,57.98537567834484],[101.03086714070605,57.91946238887817],[101.03024702398102,57.89760325858364],[100.97050906783926,57.870473130730375],[100.91356163875872,57.867114162888384],[100.81816694484871,57.88664785411524],[100.84565880700836,57.845461738168694],[100.84565880700836,57.80381053332954],[100.88462283667468,57.76967824985147],[100.80142378068302,57.673017483170355],[100.82695193898076,57.6264570177772],[100.95531619728467,57.55529857007292],[100.94291385289205,57.51121857427785],[100.95779666508406,57.498299465947696],[100.91139122932174,57.45150645655778],[100.83584028500121,57.45848277376098],[100.79274214113696,57.41928620099739],[100.74881717317407,57.403240667922546],[100.71564090410442,57.41287832277635],[100.63771284387263,57.47664704032866],[100.4187081243806,57.54175934501788],[100.3919397317332,57.603305976289846],[100.3601070498006,57.64175324201847],[100.36300092964922,57.669787706537534],[100.33251183485345,57.694256496739996],[100.3663082206478,57.72696767781619],[100.31101443886541,57.75642324473705],[100.27039676280032,57.76332204937316],[100.27535770109705,57.804844062103825],[100.12932010264069,57.86680410452584],[100.1165043479973,57.916568509029446],[100.07702355259494,57.961165270560855],[100.07940066940546,58.04508779606499],[100.06493126836335,58.070951850247724],[100.01728559825182,58.081468004245096],[99.84737348789633,58.07195953970103],[99.79352664603795,58.06250275289983],[99.70278283116278,58.08570547123051],[99.64025434795985,58.04573375121171],[99.61803348156002,58.00095612252713],[99.53721154237883,57.945558987057666],[99.49752404230077,57.929022529366335],[99.47013553292857,57.860344550360765],[99.41091434072428,57.795542304034086],[99.33081587105562,57.79797109588938],[99.20978966695964,57.766345120431],[99.07987511594388,57.77042755778564],[98.96163943890906,57.723298652510834],[98.88825890492467,57.72130910932802],[98.79513797413824,57.753322659313255],[98.7752942236495,57.78794586920651],[98.73229943167348,57.79226085145723],[98.62956668535418,57.77781728793752],[98.54616092288848,57.79135651299268],[97.98671186685914,57.821897285531435],[97.93400190566337,57.8113036162689],[97.40752241402816,57.13312795678985],[97.34850792829832,57.04801687288034],[97.4398718607979,57.004582831332584],[97.48875776615813,56.96370677284932],[97.60792361917964,56.9607095402132],[97.60564985605595,56.935517280498175],[97.49588911299224,56.89973134972206],[97.46850060361993,56.827436022254574],[97.54663537032616,56.79338125314237],[97.63882612512566,56.80686880135417],[97.7015613139036,56.804440009498876],[97.76533003055647,56.787955226852205],[97.77556196461308,56.7670779493879],[97.75148074713871,56.71674510410335],[97.7820731947221,56.66320831970825],[97.75509809829856,56.63863617581893],[97.77349490796377,56.60124827728623],[97.7623327979203,56.559131985352906],[97.86816613236124,56.55484284152391],[97.8802584165926,56.53063243284058],[97.88180871020381,56.42694367121345],[97.84067427020148,56.39314728541899],[97.59138715968965,56.38668773125383],[97.5581075378326,56.35769725232632],[97.56730594311477,56.29268830042477],[97.58766645664161,56.25749664975058],[97.58590945835476,56.20819733324032],[97.56492882720357,56.18959381800039],[97.48276329998629,56.172747301047224],[97.44018191916035,56.14675405475583],[97.41341352741233,56.0872744819319],[97.35191857298378,56.05120433211434],[97.26241499155867,56.0884630403371],[97.18324669787683,56.104534410035],[97.12526574092124,56.101743882973864],[97.05705284990916,56.03115387605061],[96.98646284388519,56.018338121407226],[96.97220014931747,55.8902322455217],[96.96000450960042,55.860931708231846],[96.88000939271933,55.82542999919522],[96.84342247896427,55.81995229786037],[96.786475050783,55.78483816245134],[96.76012007018505,55.74608083836],[96.81706749926565,55.69443024436032],[96.75278201687655,55.65071198197239],[96.82202843576368,55.61676056654693],[96.85510135294504,55.58353261973457],[96.81996137911437,55.55759105118608],[96.84983035718528,55.48105825493465],[96.8431124206017,55.441396593278114],[96.88114627518041,55.41183767446924],[96.9180432472981,55.32951711672169],[96.88652062372785,55.30168935777766],[96.78161746617309,55.28324087216865],[96.7065832866893,55.258694565801676],[96.70193240765445,55.20779328153475],[96.67526736869411,55.12443919501291],[96.65656049976741,55.103665270335966],[96.68467247865203,55.08490672546503],[96.63392622311676,55.04041331582201],[96.58617719931829,55.0191226263081],[96.68208865806514,54.958971259016494],[96.71185428334854,54.92657013630284],[96.7065832866893,54.86507518187409],[96.67258019442039,54.80593150493496],[96.5648865089052,54.696868394760685],[96.58679731604337,54.65888621702533],[96.5518640477876,54.58049306880011],[96.57284467983811,54.518377996747176],[96.49501997329321,54.5105231804005],[96.43548872272646,54.525509345380044],[96.351359490748,54.56194123040348],[96.22103152858216,54.54271759753908],[96.11705854701438,54.55599844017593],[96.07489057823761,54.57341339791003],[96.03882042842008,54.558168850512004],[96.01711632685704,54.49982615835057],[95.9811495298269,54.45161204745813],[95.89691694506092,54.38934194577422],[95.79738813695309,54.41750560240166],[95.71666954966014,54.38794668179395],[95.66675011642468,54.33541758955016],[95.65310753768279,54.28185496673345],[95.67822228393135,54.23415761977833],[95.81278771398183,54.20072296829048],[95.85402550677179,54.17093150548473],[95.91903445777416,54.15566111876569],[95.93670779792649,54.119229233742175],[95.98435346893751,54.094011134706136],[96.05494347496148,54.087861639802895],[96.07933475079807,54.06274689445374],[96.05018924403839,53.99975332325735],[96.12594689303467,53.972364813885065],[96.2061487163902,53.92544261328604],[96.26226932227138,53.877693590386855],[96.40551639186799,53.78330658593029],[96.43683230986323,53.74377411638244],[96.50514855276344,53.684372057024916],[96.56829715359083,53.65013641985996],[96.61139529835441,53.67057444955128],[96.6440548025871,53.64303091144748],[96.68405236192694,53.638535061144154],[96.713197869586,53.690779934346466],[96.74275678929433,53.71103709598515],[96.87494510343373,53.72907217134363],[96.93416629383933,53.695224106907006],[96.98398237518649,53.68550893768733],[96.9982450697542,53.66323639624267],[97.06191043541827,53.64902537671972],[97.13518761571584,53.6130069037456],[97.19864627490568,53.62290294011862],[97.24226118360667,53.60055288430817],[97.32835412034632,53.59636709236747],[97.383854607704,53.55022003812425],[97.39739383275912,53.51973094332837],[97.43263716027673,53.49993887058241],[97.44783003083126,53.46149160395433],[97.56203494735502,53.448288276582645],[97.58580610556726,53.438082180048525],[97.5855993999923,53.39539744733435],[97.60626997278109,53.37302155220283],[97.69877078684232,53.378912664687675],[97.97151899630461,53.351627509002356],[97.97048546842962,53.29669546242562],[98.03084354039703,53.25261546483182],[98.1795683131271,53.24501902910487],[98.2207027531295,53.225020249884665],[98.27951053328445,53.22569204435237],[98.28560835224363,53.130090643967975],[98.3031783387093,53.10373566337009],[98.36581017469979,53.09169505508271],[98.39247521366013,53.10257294428587],[98.54626427567575,53.11040192311032],[98.61520063709969,53.10750804326159],[98.66594689263502,53.14812571932646],[98.6978829282545,53.15484365501072],[98.86128380670232,53.12450958894638],[98.90365848195341,53.150916246387595],[99.05569054568207,53.103787340213614],[99.05651736888143,53.08957632069067],[98.9950224135535,53.0645649281289],[98.98933800664366,53.03448924448304],[99.2497872254001,52.953822333134156],[99.25164757737383,52.97666331625905],[99.32244428897269,53.00374176726868],[99.36647260882387,53.05381623013494],[99.35407026622988,53.079654445895954],[99.378978306004,53.11277903902143],[99.43406538311092,53.11673228606608],[99.53597130713007,53.1054409857129],[99.63074588431505,53.134173082221906],[99.69017378119509,53.131950995042416],[99.80520552001883,53.190164495994736],[99.87765587801636,53.20419464836431],[99.8438594913224,53.25550934557981],[99.86246300656245,53.293620714524366],[99.9921708520032,53.311268216255144],[100.07981408055531,53.300312811786824],[100.17686242086398,53.3378299024281],[100.19112511633108,53.371109524285146],[100.26047488800577,53.37483022733309],[100.29137739485088,53.312792670545235],[100.40103478422799,53.23421865516684],[100.39927778504176,53.18776154256116],[100.35080529173092,53.15936534283631],[100.4151941260082,53.08580394079928],[100.46108279783283,53.069396674317034],[100.5028373563589,53.026427720762655],[100.53446333181728,53.01728099232392],[100.60639692587745,52.94359039997698],[100.6794674006,52.90752025015939],[100.73517459533127,52.89759837536465],[100.82684858619325,52.856463935362285],[100.85248009637928,52.81065277790333],[100.9050867047876,52.78897451386274],[101.03086714070594,52.76910492585165],[101.12305789640482,52.71244171851049],[101.2100810082319,52.69523346635137],[101.2456343932127,52.66825836902848],[101.32015180875896,52.64138662449318],[101.43621707635702,52.63120636728004],[101.47301069478777,52.60831370731174],[101.47559451717325,52.5711066759323],[101.53967329308801,52.54304637299168],[101.6540849142873,52.473128160536135],[101.68757124171947,52.460622464255295],[101.68106001161027,52.40636221034774],[101.74296837808822,52.40235728645956],[101.81779585199695,52.357683010562454],[101.91040001794653,52.317091172919305],[101.89241662033078,52.2891600611878],[101.9632133319297,52.22244578694344],[102.04568891840881,52.212188015364546],[102.1044966976645,52.26339935979257],[102.18800581291788,52.275827541707656],[102.22397260904876,52.25644888011172],[102.32040083173302,52.231334133863186],[102.41269494021935,52.262184963865025],[102.45351932185918,52.23676015925395],[102.54209272729747,52.227613429915834],[102.5735119971809,52.14906525295905],[102.62890913265034,52.10581207946393],[102.67293745340072,52.09842235021125],[102.77701378775606,51.984553331371075],[102.85432173126287,51.96217743623964],[102.94496219335048,51.90659943271757],[103.06474816309719,51.882673244874326],[103.09937137209118,51.84370921520812],[103.19621300682473,51.815442205793175],[103.22163781143581,51.78826040289525],[103.19538618362549,51.73105459229561],[103.20716841039376,51.65922435192229],[103.18143354742023,51.62082876213765],[103.19435265485112,51.59638581035679],[103.24396202972383,51.56884227225308],[103.24664920489687,51.51525381101456],[103.33501590386089,51.434199326937346],[103.52797570201699,51.46455923142341],[103.57634484343976,51.47923533804041],[103.68972293496552,51.46016673390764],[103.79731326679376,51.4170169132],[103.8187073099943,51.38781972869754],[103.81374637169773,51.131866360244345],[103.94924197773503,51.17041697876053],[104.01766157432218,51.21852773686558],[104.09807010325261,51.21816600255889],[104.21237837076524,51.28110789691186],[104.43644738224083,51.29325185798683],[104.49422163272214,51.30896149427758],[104.52130008283251,51.29118480133752],[104.60935672433334,51.26829214136919],[104.65989627519298,51.31857330981032],[104.67002485556259,51.399162705894156],[104.62868370998524,51.44337189379789],[104.63736535043051,51.59788442622528],[104.64987104671138,51.62243073169287],[104.89946821468635,51.66868113872357],[105.12312381411272,51.73108043071733],[105.46119103383921,51.86334625922245],[105.75150923066644,52.03098460645441],[105.99159793499672,52.22094717107507],[106.19830366378307,52.44018443546335],[108.04098188720428,53.19272247995849],[108.06082563679371,53.20512482435112],[108.42349083883113,53.78317739472092],[109.00733117069694,54.42494700849761],[109.03533979679412,54.46778676994353],[109.02211063010145,54.493624985704514],[108.67091759557053,54.5468775501588],[108.55784956330666,54.54297597905821],[108.64042850077465,54.60106028880125],[108.64786990776997,54.63640696910633],[108.69861616420457,54.681003729738364],[108.71608279788279,54.785080064993],[108.70264692561506,54.90062856685489],[108.76238488175693,54.92657013630276],[108.70337039602691,54.9775747751558],[108.6903479349092,55.062324123859185],[108.74326460168004,55.09444102573272],[108.78222863224562,55.16950104453758],[108.7727201677016,55.237274685078575],[108.71298221155985,55.254922186809466],[108.68745405506053,55.294816393361856],[108.65128055155623,55.31318736370585],[108.66740359899683,55.38369985626332],[108.65696496026465,55.42498932589669],[108.62223839668474,55.45589183184259],[108.64549279185883,55.490618395422615],[108.69065799417103,55.52131419489419],[108.67670535706657,55.57415334729916],[108.70047651617824,55.61247142181867],[108.77137658056478,55.62327179575678],[108.8072400248073,55.710139878852345],[108.81344119655398,55.79349396447492],[108.85405887261885,55.86625438083496],[108.90149783715543,55.88692495452304],[108.95999555894787,55.94134023716225],[109.03595991441847,55.93942820924448],[109.07068647709923,55.923511868278126],[109.1800338072145,55.913021551803155],[109.23315717956012,55.93849803325759],[109.25630822104756,55.974309801556046],[109.24493940632857,56.00030304604877],[109.17776004409075,55.98020091404098],[109.14830447806918,55.985523587543554],[109.10499962773065,56.021671250827524],[108.9912081241556,56.03968048776429],[108.97136437366686,56.077300930293745],[108.92278852666925,56.08939321632383],[108.90883589136337,56.10985708353749],[108.92888634562837,56.148200996478806],[108.86987186079779,56.2077839220903],[108.79897179641131,56.2573932969631],[108.7371667827208,56.24462921826387],[108.65159061081812,56.26106232406701],[108.57118208188751,56.29361847641158],[108.5570227401073,56.34565664313956],[108.60497846858146,56.377179266709845],[108.59929406077231,56.402294012958265],[108.64704308457067,56.43040599184303],[108.64755984940746,56.45079234469091],[108.71856326658144,56.49944570605447],[108.72776167186362,56.526420803377334],[108.6723645372935,56.56398956996267],[108.69902957625396,56.582903144464524],[108.75845747313383,56.577993883011345],[108.80548302562107,56.591429755278995],[108.92960981693949,56.58817414022437],[108.97694542868862,56.63643992796034],[109.02118045501396,56.644604804468116],[109.06665571478942,56.6245543484045],[109.09580122334773,56.66300161413318],[109.14313683509681,56.67607575119496],[109.21031619733469,56.65793732394829],[109.31366906127812,56.67173493142192],[109.37206343028305,56.723747259728185],[109.41020063674995,56.734935208193264],[109.5464197122999,56.73390167941898],[109.5980961447213,56.70532461254086],[109.66527550695912,56.69426585618436],[109.78041059767088,56.71111237223815],[109.8477966645844,56.775501207414806],[109.88841434064926,56.78976390198241],[109.8595788922521,56.830950018828304],[109.88686404793742,56.89086884212335],[109.91755984920763,56.92215892169685],[109.95642052608639,56.927843329506004],[109.98897667933022,56.96902944635181],[110.06607791456406,56.97520478057615],[110.16043908059908,56.95634288201836],[110.20953169243364,56.928618475861924],[110.24797895726306,56.92484609597051],[110.32745731020674,56.93952220348689],[110.39908084500502,56.92122874571004],[110.47215131972757,56.88112783538131],[110.53219933513117,56.87937083619508],[110.53188927586945,56.846711331063034],[110.60010216688147,56.83027822525989],[110.66211388614693,56.8334304884263],[110.75254764176026,56.874099840435235],[110.88308231040025,56.834050605151276],[110.99811404832462,56.8577184114755],[111.1337130071496,56.81474945702175],[111.2132947119814,56.83888235133941],[111.25163862492263,56.873531398755006],[111.36315636627336,56.89482208916809],[111.37648888575342,56.91686208841463],[111.33669803288791,56.95001251906248],[111.37989953043905,56.97724599880374],[111.38568729013633,57.01706269009108],[111.46247846880624,57.10245799394127],[111.5869153175878,57.10716054981947],[111.62019494034416,57.09499075032289],[111.62804975759025,57.01631338215691],[111.69863976361421,56.99677969003059],[111.77625776638274,56.94835887356311],[111.8054032740418,56.912288722846256],[111.84829471233104,56.908774726272526],[111.91609419219321,56.945490831236896],[112.10957075428695,56.94437978809674],[112.16290083220764,56.922882392108676],[112.23493777905537,56.87771718979644],[112.4439172709653,56.862989407235375],[112.47326948509868,56.86888051972022],[112.5027250511202,56.90386546481935],[112.56597700383566,56.93518138281456],[112.6620951681574,56.9596501739164],[112.72906782392096,56.94572337523357],[112.74746463358593,56.929031887011945],[112.69847537633751,56.86107737931761],[112.72648400333406,56.82534312628428],[112.72710412005904,56.79343292908641],[112.76203738831475,56.752531033080714],[112.86714725144446,56.72971588837754],[112.88554406110961,56.696694648039625],[112.97308393777354,56.678504543949515],[113.09131961480836,56.67287181298377],[113.15932580024548,56.64486318598725],[113.25802778515413,56.64894562424118],[113.3557995949754,56.62636302353468],[113.41274702405593,56.6479379338885],[113.45377811127082,56.647240301898364],[113.4972896671843,56.67540395852592],[113.54679568926963,56.671579901791006],[113.75691206274143,56.61137685855513],[113.80300744014124,56.60243683479209],[113.86967003844143,56.532621975124016],[113.89747195806439,56.525438951446375],[113.98842247941388,56.53512828224444],[114.0130204608256,56.56528148115544],[114.0055790547296,56.590447903348036],[114.08929487465866,56.61737132382757],[114.12722537555055,56.67597239840748],[114.28928266776086,56.692017931482326],[114.39759647000113,56.67408620891143],[114.43283979661936,56.6545783561063],[114.49846886614529,56.670856432278526],[114.50012251164458,56.701087145555306],[114.6126737808703,56.681243395066616],[114.79529829308171,56.70971710915725],[114.8382930850579,56.75622589770697],[114.85069542855115,56.8366861034809],[114.9289335471455,56.88541697921022],[114.93461795495466,56.91107432691871],[115.05037316329083,56.990733547914914],[115.03290652871328,57.046854152896856],[115.08592654827157,57.11858104138196],[115.27495893780474,57.110364488030655],[115.33914106740633,57.09398305907084],[115.44993533744594,57.09703196944986],[115.53344445179994,57.11093292881159],[115.61364627515547,57.134549059191755],[115.69777550713388,57.136667791785214],[115.79275678899461,57.207877916332706],[115.85218468587448,57.2400723334714],[115.9717639509455,57.243482978156834],[116.05578983013652,57.235473131279946],[116.10684614493363,57.24074412703982],[116.15573205029386,57.22854848912152],[116.23841434144873,57.149328517696944],[116.17030480412336,57.1413703485627],[116.04762495272945,57.08220083320185],[115.8048490741254,57.03129954713637],[115.7624743997738,57.011300767916055],[115.7107979682516,56.963500068173545],[115.86024620959489,56.93244253169746],[115.9573979017917,56.86503062636234],[116.04070031057091,56.861930040039255],[116.12203901638753,56.81265656195072],[116.2450289252447,56.81766917619149],[116.2972221207043,56.83841726334606],[116.3616109558809,56.84733144778812],[116.39044640517739,56.82474884708162],[116.52139448496752,56.7928644883055],[116.55384728362515,56.762530423140504],[116.62908816868406,56.74852610919257],[116.73647179583668,56.759739895180076],[116.77481570787864,56.732713121013774],[116.8150199727935,56.72620189090455],[116.95961063042631,56.778085028900904],[117.02368940634096,56.77333079707864],[117.01221723793515,56.806455390204036],[117.09396935400247,56.81544708901188],[117.12301150887401,56.804233303024546],[117.16259565616451,56.83053660677891],[117.17954552590527,56.865986639871494],[117.25447635260156,56.91099681345213],[117.34263634688989,56.94138255546062],[117.36030968614313,56.91027334304036],[117.34697716666295,56.87151601804976],[117.40526818198106,56.85864858746231],[117.41136600094018,56.82660919905527],[117.45839155522606,56.822113348752026],[117.4642826677109,56.84606537501705],[117.50913781076133,56.87161937083732],[117.57083947166433,56.851207180467014],[117.57580040906157,56.9347162948211],[117.67253869010852,56.97750438122213],[117.68535444475174,57.01360036946153],[117.67656945241822,57.065819404242035],[117.63047407411926,57.09545583831624],[117.60091515531008,57.14969025290284],[117.72338830022977,57.187052313913085],[117.76276574104611,57.221055406182074],[117.79428836461625,57.28740794522045],[117.77475467338951,57.30192902310591],[117.65527876200525,57.30652822529737],[117.59709109857533,57.321152655970224],[117.55326948519848,57.2700963411732],[117.47265424979383,57.23929718711551],[117.42697228444337,57.26368846295219],[117.44784956280705,57.30430613901706],[117.44020145113603,57.33381338188207],[117.37178185364968,57.32492503496235],[117.34015587819113,57.36182200797924],[117.34801069543727,57.38399119753572],[117.32072553885246,57.45669993795178],[117.29189008955598,57.460007228950445],[117.25706017498703,57.50899648709816],[117.2598507020482,57.536927598829664],[117.29406049989211,57.56992300074586],[117.28227827402304,57.61715525970743],[117.17871870270602,57.64376862182445],[117.1419250833759,57.64128815402512],[117.14037479066405,57.6684182809789],[117.17272423743361,57.73647614236009],[117.0861145367565,57.81027008749453],[117.12828250463383,57.84156016706811],[117.19670210212035,57.84034577114039],[117.25457970628838,57.85279979147717],[117.31297407439399,57.84703786930223],[117.41322635291385,57.911555894788705],[117.36806115060153,57.93416433391681],[117.36816450428847,57.999664212233625],[117.3922457217626,58.03098013022884],[117.37457238161011,58.060900784243785],[117.41115929626449,58.088185939929105],[117.40557824124278,58.12136220989805],[117.43772098243733,58.151799627850494],[117.4931181170075,58.137950344432824],[117.57394005708801,58.14621857372819],[117.58778934140497,58.184304104251],[117.52123009679144,58.260914414868296],[117.47678836489104,58.27892365180506],[117.4708972506076,58.303986721210265],[117.53528608578415,58.3388683135218],[117.65786258259214,58.37323314099666],[117.6838041520399,58.39798615203932],[117.79087771993085,58.39462718419722],[117.83511274625619,58.40780467404639],[117.87469689264742,58.39395538972943],[117.9232727396452,58.40217194308073],[117.99458621608096,58.39462718419722],[118.04987999876295,58.34478526532766],[118.108377719656,58.34744660117971],[118.13555952435252,58.384085190878835],[118.18454878070168,58.38222483980451],[118.33813113804149,58.34243398693897],[118.36283247314009,58.29455577283059],[118.40510379380498,58.261508694070955],[118.47879438705127,58.23776337338097],[118.50432254355059,58.213707994328445],[118.57325890497441,58.20828196893768],[118.63041303873075,58.17515737581226],[118.71009809814876,58.1865261914306],[118.78409874885824,58.21282949518505],[119.03989708857978,58.232569891986884],[119.10810997869254,58.22269969313629]]]},"properties":{"adm1_code":"RUS-2602","diss_me":2602,"iso_3166_2":"RU-IRK","wikipedia":null,"iso_a2":"RU","adm0_sr":1,"name":"Irkutsk","name_alt":"Irkutskaya Oblast","name_local":"Иркутская область","type":"Oblast","type_en":"Region","code_local":null,"code_hasc":"RU.IK","note":null,"hasc_maybe":null,"region":"Siberian","region_cod":null,"provnum_ne":20006,"gadm_level":1,"check_me":20,"scalerank":2,"datarank":2,"abbrev":null,"postal":"IR","area_sqkm":0,"sameascity":6,"labelrank":6,"featurecla":"Admin-1 scale rank","name_len":7,"mapcolor9":7,"mapcolor13":7,"fips":"RS20","fips_alt":null,"woe_id":2346896,"woe_label":"Irkutskaya Oblast, RU, Russia","woe_name":"Irkutsk","latitude":56.8255,"longitude":105.966,"sov_a3":"RUS","adm0_a3":"RUS","adm0_label":2,"admin":"Russia","geonunit":"Russia","gu_a3":"RUS","gn_id":2023468,"gn_name":"Irkutskaya Oblast'","gns_id":-2916146,"gns_name":"Irkutskaya Oblast'","gn_level":1,"gn_region":null,"gn_a1_code":"RU.20","region_sub":"East Siberian","sub_code":null,"gns_level":1,"gns_lang":"rus","gns_adm1":"RS20","gns_region":null,"min_label":5,"max_label":10.2,"min_zoom":4.7}},
{"type":"Feature","geometry":{"type":"MultiPolygon","coordinates":[[[[83.19442277300016,70.37889519700019],[83.30957222200027,70.44310013300017],[83.30869606100003,70.4808066080002],[83.26451660800012,70.51112655900013],[83.25919110200027,70.54880653600009],[83.30134887900022,70.60546065100004],[83.30476002900008,70.64460434500006],[83.44388361200026,70.69130566400014],[83.46940813200007,70.73773494400007],[83.37163680800006,70.7882766180002],[83.30510887300011,70.80551475300007],[83.25672166800007,70.80103268100004],[83.23118613800023,70.7690619510002],[83.2072454900001,70.68635389600016],[83.1470591010002,70.6499085590001],[83.13091736200005,70.60925978700016],[83.1367157660003,70.56579151000017],[83.11773234300017,70.48016611700012],[83.13223168700029,70.43380736600017],[83.06527091900011,70.3653289470002],[83.09138034500029,70.36111167400023],[83.19442277300016,70.37889519700019]]],[[[79.54135175900024,72.92552317900018],[79.44353274800028,72.96369049700016],[79.40211022200026,72.98818594000016],[79.36850019600024,73.03473541900019],[79.32056725400025,73.04629140800014],[79.23617597700024,73.08710358300019],[79.17310631600026,73.10138580900008],[79.14039147200015,73.09540436400016],[78.66195722700024,72.89545319200005],[78.59229576900009,72.86212799700016],[78.60914147200026,72.80634186400016],[78.6142684250002,72.84023672100011],[78.65023847700024,72.84511953300017],[78.67156009200005,72.80353424700021],[78.79249108200014,72.77875397300005],[78.90992272200026,72.74127838700022],[79.00123131600014,72.74457428600016],[79.39527428500026,72.70404694200005],[79.53687584700026,72.72646719000005],[79.57203209700015,72.74054596600018],[79.53695722700024,72.7841657570001],[79.5459090500002,72.81232330900008],[79.51921634200016,72.84699127800016],[79.52068118600005,72.88373444200005],[79.49073326900009,72.90843333500004],[79.5595809250002,72.90843333500004],[79.54135175900024,72.92552317900018]]],[[[86.76221764400009,73.60374583500004],[86.79615319100003,73.61481354400007],[86.80990644600024,73.65835195500017],[86.90601647200026,73.70416901200008],[86.8510848320002,73.6985537780001],[86.69369550900024,73.66266510600019],[86.57471764400009,73.65387604400013],[86.50961347700013,73.64183177300012],[86.48764082100013,73.62164948100008],[86.39893639400003,73.59438711100017],[86.76221764400009,73.60374583500004]]],[[[84.35523522200009,74.01886627800016],[84.41830488400012,74.03998444200016],[84.3794051440002,74.04767487200019],[84.24496504000012,74.02415599200003],[84.15788821700016,74.01886627800016],[84.01758873800003,74.03436920800016],[83.89747155000003,74.02317942900015],[83.91211998800003,73.99359772300011],[84.17872155000003,73.98476797100005],[84.22868899800028,73.96694570500017],[84.37859134200028,73.9560407570001],[84.41830488400012,73.97044505400015],[84.32813561300009,74.01251862200013],[84.35523522200009,74.01886627800016]]],[[[111.295176628999,73.86912669496076],[111.19849694100014,73.97793203300014],[111.28663170700003,74.00169505400004],[111.35010826900003,73.98647695500006],[111.44556725400025,74.0052757830002],[111.56128991000026,74.00885651200008],[111.58220462300005,74.02570221600007],[111.53646894600013,74.05117422100017],[111.15902754000024,74.03733958500018],[111.0962020190002,74.01788971600018],[111.07227623800003,73.97134023600006],[111.1030379570002,73.95001862200019],[111.00782311300009,73.91266510600013],[110.9043074880002,73.91583893400019],[110.8149520190002,73.95001862200019],[110.71192467500003,73.95746491100016],[110.58082116000026,73.99140045800013],[110.30005944100014,74.01911041900019],[110.0214949880002,74.01447174700007],[109.92172285200013,73.98383209800016],[109.8867293630002,73.96088288000018],[109.84253991000014,73.89191315300013],[109.8198348320002,73.87726471600013],[109.71949303500003,73.85358307500019],[109.55762780000009,73.83397044500015],[109.53565514400003,73.82123444200019],[109.53109785200013,73.77529531500014],[109.6128035820002,73.70807526200008],[109.67367597700013,73.6781680360001],[109.73747806100016,73.66168854400021],[109.78711998800009,73.66885000200006],[109.75228925900012,73.68309153900017],[109.79957116000026,73.70506419500018],[110.28687584700009,73.70575592700013],[110.66374759200028,73.78725820500006],[110.7202254570002,73.77659739800004],[110.87773087836399,73.76785161721654],[111.01092980386738,73.81099884721911],[111.28078413258186,73.85972972294843],[111.295176628999,73.86912669496076]]],[[[83.6201278000002,74.09088776200011],[83.56967207100007,74.11432526200016],[83.18002363400007,74.15517812700011],[83.05909264400009,74.13678620000007],[82.91749108200031,74.13092682500022],[82.85922285200013,74.11859772300016],[82.81446373800009,74.09398021000018],[82.8281356130002,74.08030833500004],[83.08130944100003,74.08710358300016],[83.39234459700015,74.03579336100015],[83.46558678500026,74.04682038000018],[83.3955184250002,74.07453034100007],[83.50310306100027,74.08559804900011],[83.52759850400014,74.06732819200005],[83.6201278000002,74.09088776200011]]],[[[82.66537519600007,74.06761302300018],[82.74000084700003,74.10138580900016],[82.56804446700028,74.16290924700021],[82.45435631600003,74.16071198100013],[82.34986412900008,74.14061107000009],[82.32105553500026,74.10138580900016],[82.35287519600007,74.08087799700019],[82.55176842500009,74.07391998900013],[82.59213300900024,74.05646393400016],[82.66537519600007,74.06761302300018]]],[[[84.93482506600026,74.48200104400007],[84.87086022200026,74.50556061400013],[84.59180748800003,74.49892812700006],[84.41830488400012,74.46808502800019],[84.38656660200024,74.4576683610002],[84.43921959700026,74.42552317900015],[84.73275800900024,74.39569733300007],[84.76783287900014,74.40989817900015],[84.54184004000012,74.45709870000013],[84.67359459700015,74.4776065120002],[84.85084069100003,74.46800364800012],[84.93482506600026,74.48200104400007]]],[[[85.49537194100014,74.49941640800006],[85.63070722700013,74.51129791900019],[85.64478600400025,74.54645416900007],[85.53891035200024,74.57440827000019],[85.23747806100005,74.5752627620002],[85.17855879000024,74.56073639500008],[85.14812259200028,74.53717682500019],[85.16675866000008,74.51186758000009],[85.24781334700015,74.47646719000008],[85.31185957100013,74.46564362200007],[85.50131269600024,74.46454498900013],[85.49537194100014,74.49941640800006]]],[[[85.98926842500003,74.57729726800014],[85.93913821700016,74.58246491100013],[85.82545006600026,74.57819245000022],[85.79053795700031,74.56761302300015],[85.72730553500026,74.50177643400019],[85.65845787900008,74.47138092700004],[85.80372155000009,74.44232819200016],[85.8584090500002,74.44403717700015],[85.97787519600007,74.46942780200018],[86.00855553500026,74.49188873900019],[85.9682723320002,74.51235586100006],[86.07992597700024,74.5086937520002],[86.11304772200009,74.48725006700016],[86.20720462300028,74.51235586100006],[86.20215905000009,74.53388092700015],[86.07846113400012,74.55524323100022],[85.98926842500003,74.57729726800014]]],[[[79.58863366000008,74.5869001320001],[79.61410566500012,74.60175202000016],[79.56332441500024,74.61225006700005],[79.33375084700026,74.62531159100021],[79.29273522200026,74.63589101800017],[79.32056725400025,74.65631745000013],[79.20378665500016,74.65143463700016],[79.18279056100005,74.62905508000006],[79.31072024800011,74.60871002800016],[79.2832137380002,74.57949453300012],[79.14869225400014,74.60789622600007],[79.19068444100003,74.58808014500013],[79.42904707100024,74.52265045800016],[79.53223717500003,74.52602773600017],[79.52125084700009,74.55003489800004],[79.58863366000008,74.5869001320001]]],[[[85.53736412900014,74.80267975500016],[85.46664472700007,74.81395091400015],[85.34620201900009,74.77789948100019],[85.11329186300009,74.76569245000022],[85.11451256600026,74.74583567900012],[85.22706139400003,74.7451032570001],[85.36573326900003,74.75250885600008],[85.42798912900014,74.7450625670001],[85.50603274800017,74.71625397300016],[85.60377037900025,74.73826732000018],[85.67896569100026,74.72313060100018],[85.70622806100016,74.73143138200015],[85.66195722700007,74.75385163000016],[85.65845787900008,74.79352448100008],[85.6347762380002,74.80272044500015],[85.53736412900014,74.80267975500016]]],[[[87.12208092500009,74.9516462260001],[87.02898196700005,74.99152252800016],[86.91578209700015,74.98932526200008],[86.71892337300028,74.95477936400016],[86.6186629570002,74.95058828300014],[86.63917076900003,74.97223541900013],[86.5239363940002,74.98696523600012],[86.49512780000009,74.97846100500018],[86.52930748800009,74.95058828300014],[86.50131269600024,74.93065013200015],[86.59750410200007,74.9170596370002],[86.5659285820002,74.89691803600016],[86.50945071700016,74.89032623900019],[86.32007897200026,74.90029531500016],[86.25114993600016,74.91864655200004],[86.21338951900009,74.90338776200016],[86.27906334700026,74.88251373900019],[86.29818769600024,74.85765208500004],[86.36475670700031,74.84813060100015],[86.4677840500002,74.85496653900017],[86.57081139400009,74.84072500200006],[86.73243248800009,74.84951406500014],[86.87159264400003,74.82046133000006],[86.91960696700016,74.81981028900012],[86.94703209700009,74.84072500200006],[86.82618248800009,74.85126373900013],[86.69605553500026,74.88703034100016],[86.7265731130002,74.91620514500019],[86.85523522200015,74.91282786700017],[86.94548587300017,74.88410065300022],[86.9941512380002,74.8837344420001],[87.07764733200008,74.89964427300004],[87.12232506600014,74.9325625670001],[87.12208092500009,74.9516462260001]]],[[[82.15154056100027,75.10862864800015],[82.11329186300003,75.15863678600019],[82.08253014400009,75.15802643400022],[82.02670332100007,75.12872955900019],[82.15040123800003,75.09516022300016],[82.15154056100027,75.10862864800015]]],[[[82.13013756600014,75.45722077000019],[82.17074629000024,75.51972077000013],[81.9599715500002,75.50975169500003],[81.8969832690002,75.49237702000005],[81.95101972700007,75.46507396000015],[81.86915123800003,75.44403717700004],[81.92139733200031,75.43301015800017],[81.96534264400009,75.40302155200004],[81.93962649800005,75.39350006700005],[81.76823978000027,75.38076406500016],[81.7319442070002,75.40692780200004],[81.79330488400007,75.46507396000015],[81.71159915500027,75.45368073100019],[81.5249129570002,75.38125234600017],[81.51107832100013,75.35028717700004],[81.58171634200016,75.34845612200016],[81.55388431100027,75.32050202000013],[81.68848717500003,75.27704498900019],[81.72510826900009,75.28701406500016],[81.71159915500027,75.31427643400008],[81.75855553500014,75.29319896000007],[81.8139754570002,75.29315827000008],[81.81763756600026,75.32371653900009],[81.87077884200016,75.31590403900009],[81.8969832690002,75.26650625200011],[81.89454186300009,75.22394440300008],[81.9301863940002,75.19196198100008],[82.01303144600024,75.1771507830002],[81.99268639400003,75.23236725500013],[82.04542076900003,75.2558047550001],[82.04118899800005,75.33783600500013],[82.07691491000026,75.3461367860001],[82.24382571700005,75.33274974200009],[82.29428144600024,75.33417389500016],[82.23959394600013,75.37567780200015],[82.21778405000003,75.40761953300009],[82.15658613400012,75.41982656500005],[82.05290774800028,75.41962311400019],[82.01303144600024,75.44403717700004],[82.13135826900009,75.42430247600012],[82.16456139400009,75.4377302100001],[82.13013756600014,75.45722077000019]]],[[[81.63705488400024,75.93475983300016],[81.55388431100027,75.93060944200005],[81.5932723320002,75.91718170800004],[81.67888431100016,75.91315338700008],[81.76140384200016,75.89386627800013],[82.2231551440002,75.86041901200008],[82.25904381600003,75.87596263200018],[82.2280379570002,75.88703034100021],[82.10954837300028,75.88898346600007],[81.63705488400024,75.93475983300016]]],[[[82.97002200650013,75.97646718950017],[82.56120853000027,75.99884674700013],[82.41529381600014,75.96507396000015],[82.25904381600003,75.97223541900019],[82.27784264400009,75.95538971600018],[82.38941491000014,75.94428131700016],[82.53394616000008,75.9579531920001],[82.70728600400025,75.94428131700016],[82.82398522200026,75.95477936400005],[82.8432723320002,75.92487213700016],[82.91765384200028,75.9169375670001],[83.0615340500002,75.93060944200005],[83.21290123800009,75.9169375670001],[83.29712975400025,75.94310130400007],[83.24447675900024,75.9623070330002],[82.97002200650013,75.97646718950017]]],[[[97.04737389400003,76.00633372600012],[97.17847741000003,76.05414459800005],[97.30486087300017,76.08340078300017],[97.29330488400012,76.09634023600017],[97.15805097700013,76.08828359600005],[96.74773196700028,76.0309919290001],[96.69857832100024,75.99579498900005],[96.7480574880002,75.98102448100008],[97.04737389400003,76.00633372600012]]],[[[95.1972762380002,76.16400788000013],[95.15894616000026,76.20160553600013],[95.10157311300003,76.22540924700021],[95.00603274800017,76.17767975500016],[95.10157311300003,76.15497467700013],[95.1972762380002,76.16400788000013]]],[[[94.96371504000024,76.26333242400014],[94.99919681100005,76.27326080900013],[94.91407311300003,76.29279205900022],[94.89673912900025,76.28001536700017],[94.75220787900008,76.25958893400019],[94.79997806100005,76.21857330900019],[94.77865644600007,76.21092357000015],[94.49219811300009,76.23908112200016],[94.41016686300003,76.21238841400003],[94.50025475400008,76.18964264500019],[94.5576278000002,76.20441315300008],[94.61500084700015,76.19476959800011],[94.78101647200015,76.18121979400013],[94.84888756600003,76.18610260600019],[94.90357506600026,76.21238841400003],[94.85523522200015,76.23908112200016],[94.96371504000024,76.26333242400014]]],[[[96.28296959700015,76.3092715520001],[96.21957441500012,76.30121491100016],[96.14429772200015,76.24502187700017],[96.0722762380002,76.23578522300011],[96.06812584700015,76.28001536700017],[96.02198326900003,76.2868513040001],[95.87232506600026,76.27952708500018],[95.81226647200026,76.30292389500016],[95.7270613940002,76.2907168640001],[95.61361738400024,76.24534739800009],[95.57016035200007,76.23818594000005],[95.46949303500003,76.28583405200004],[95.34994550900024,76.28876373900005],[95.3139754570002,76.27659739800015],[95.3212996750002,76.23908112200016],[95.26612389400009,76.21857330900019],[95.31055748800009,76.20115794500003],[95.67017662900025,76.19814687700011],[95.7041121750002,76.17609284100013],[95.89136803500026,76.15363190300022],[96.18140709700015,76.15468984600017],[96.30176842500009,76.11139557500019],[96.36963951900009,76.11562734600011],[96.32129967500009,76.13605377800019],[96.40056399800005,76.15517812700008],[96.37037194100003,76.18988678600005],[96.24610436300009,76.20498281500005],[96.27849368600016,76.22223541900016],[96.38111412900014,76.2060000670001],[96.4243270190002,76.21238841400003],[96.34685306100016,76.25470612200013],[96.40381920700008,76.27326080900013],[96.46705162900014,76.26691315300019],[96.56153405000009,76.23163483300016],[96.51986738400012,76.19065989800015],[96.54948978000016,76.16315338700022],[96.59555097700007,76.1571719420001],[96.57837975400025,76.19464752800013],[96.64633222700024,76.24787018400019],[96.61557050900007,76.26642487200021],[96.28296959700015,76.3092715520001]]],[[[96.72461998800003,76.34638092700013],[96.57488040500027,76.34149811400005],[96.42725670700003,76.34536367400005],[96.3833113940002,76.3352725280001],[96.43376712300005,76.32111237200007],[96.61060631600003,76.32322825700018],[96.66187584700015,76.29808177300009],[96.6979272800001,76.29751211100012],[96.71973717500003,76.32225169500009],[96.76693769600024,76.3352725280001],[96.72461998800003,76.34638092700013]]],[[[96.88526451900003,76.35537344000014],[96.82837975400014,76.34149811400005],[96.87680097700013,76.32225169500009],[96.81576582100024,76.3036563170001],[96.72584069100014,76.25958893400019],[96.71697024800028,76.22272370000013],[96.72934004000024,76.18109772300016],[96.76091556100005,76.17641836100006],[96.90894616000026,76.22040436400016],[97.04127037900025,76.23908112200016],[96.92994225400008,76.26154205900013],[96.89665774800011,76.25649648600012],[96.81869550900024,76.21417877800019],[96.78736412900008,76.21238841400003],[96.85954837300028,76.2721621770001],[96.98560631600014,76.28217194200016],[97.07545006600014,76.3080101580002],[97.03142337300005,76.34186432500016],[96.94516035200007,76.33991120000022],[96.88526451900003,76.35537344000014]]],[[[113.26172936300031,76.39671458500015],[113.30941816500012,76.42348867400017],[113.26433353000016,76.44432200700015],[113.20826256600014,76.43305084800008],[113.11768639400009,76.37689850500016],[113.13754316500001,76.36945221600007],[113.41293379000024,76.36033763200018],[113.44662519600024,76.36945221600007],[113.40870201900032,76.3871117210002],[113.30567467500009,76.38646067900004],[113.26172936300031,76.39671458500015]]],[[[94.31641686300003,76.58966705900019],[94.1630965500002,76.59601471600016],[93.94410241000003,76.61644114800012],[93.86833743600016,76.58856842700015],[94.3623153000002,76.57489655200004],[94.31641686300003,76.58966705900019]]],[[[112.51856530000032,76.61579010600008],[112.49781334700015,76.62986888200012],[112.41480553500014,76.63641998900019],[112.38843834700015,76.65387604400016],[112.32935631600014,76.65741608300004],[112.30892988400024,76.62270742400017],[112.27222741000014,76.61554596600013],[112.14584394600001,76.63694896000015],[111.96631920700003,76.63007233300016],[111.95883222700024,76.60219961100012],[112.04566491000026,76.58795807500019],[112.11939537900003,76.54922109600017],[112.25700931100016,76.54580312700008],[112.3100692070002,76.53400299700019],[112.38803144600024,76.48297760600019],[112.4629012380002,76.45502350500016],[112.56788170700031,76.44350820500014],[112.61801191500012,76.45880768400019],[112.57593834700015,76.49974192900004],[112.70533287900003,76.51337311400016],[112.70093834700015,76.52871328300012],[112.54761803500003,76.5274925800002],[112.50757897200026,76.54071686400005],[112.56967207100013,76.55499909100013],[112.52068118600016,76.5680606140001],[112.54851321700028,76.58173248900005],[112.48650149800017,76.60219961100012],[112.51856530000032,76.61579010600008]]],[[[96.46794681100005,76.70758698100022],[96.29623457100024,76.70563385600008],[96.23243248800003,76.7120628930002],[96.19402103000004,76.69476959800019],[96.0800887380002,76.66815827000005],[95.96436608200008,76.67645905200004],[95.88990319100003,76.6506208350001],[95.88990319100003,76.61644114800012],[95.94418379000024,76.6096052100001],[95.99634850400025,76.62270742400017],[96.09205162900014,76.61420319200005],[96.1543074880002,76.62319570500006],[96.25294030000009,76.61644114800012],[96.31348717500009,76.62254466400012],[96.36963951900009,76.64321523600012],[96.3613387380002,76.66547272300016],[96.47201582100007,76.69159577000013],[96.46794681100005,76.70758698100022]]],[[[95.59546959700015,76.67641836100015],[95.52084394600013,76.71678294500009],[95.41700280000003,76.70526764500016],[95.43734785200024,76.67108795800016],[95.52865644600013,76.64874909100013],[95.68441816500024,76.6510684270001],[95.79265384200028,76.66933828300017],[95.83472741000026,76.69159577000013],[95.73365319100026,76.69843170800004],[95.61915123800009,76.67039622600004],[95.59546959700015,76.67641836100015]]],[[[95.12916100400025,76.70673248900013],[95.1220809250002,76.7188988300002],[95.0659285820002,76.6813825540001],[95.01587975400025,76.68402741100016],[94.86784915500004,76.6739769550002],[94.81763756600014,76.65399811400013],[94.8466903000002,76.63784414300017],[95.11841881600014,76.6506208350001],[95.22779381600014,76.63996002800008],[95.28516686300003,76.64252350500018],[95.32748457100024,76.66425202000005],[95.19662519600024,76.68675364800015],[95.12916100400025,76.70673248900013]]],[[[97.56519616000003,76.58673737200019],[97.5962020190002,76.60219961100012],[97.4848738940002,76.63027578300012],[97.46753991000003,76.69672272300005],[97.4462996750002,76.71474844000016],[97.38412519600013,76.7145856790001],[97.28825931100027,76.69159577000013],[97.37720787900008,76.66901276200014],[97.39136803500014,76.63495514500013],[97.3149520190002,76.6096052100001],[97.5254012380002,76.58222077000005],[97.56519616000003,76.58673737200019]]],[[[97.6460067070002,76.75381094000014],[97.63900800900012,76.77309804900008],[97.16073652400019,76.75360748900016],[97.16692142000005,76.7457136090002],[97.44752037900014,76.74233633000017],[97.45980879000007,76.7184512390001],[97.52084394600024,76.74428945500014],[97.58114668100029,76.75149160400017],[97.6230574880002,76.7374942080001],[97.6460067070002,76.75381094000014]]],[[[88.98926217300027,76.98987672600009],[89.0186858320003,77.0130784550002],[88.9688368530002,77.03943478000019],[89.09857921500009,77.09860134600018],[89.13589831700006,77.12711443300012],[89.04712791500003,77.14089453200012],[88.78564889000029,77.12357191300009],[88.66387512900019,77.08035050300009],[88.69981186600023,77.03972270500003],[88.81633380600022,76.98540998400017],[88.91957126100004,76.97710091000005],[88.98926217300027,76.98987672600009]]],[[[96.47722415500027,77.08222077000013],[96.58936608200003,77.14411041900019],[96.52735436300009,77.20551178600019],[96.44320722700024,77.20726146000018],[96.30201256600014,77.16063060100018],[95.70484459700015,77.07514069200016],[95.58082116000014,77.07855866100016],[95.42066491000003,77.05548737200021],[95.23194420700008,77.0062930360001],[95.25709069100014,76.9916039080002],[95.78003991000014,77.01365794500009],[95.9184676440002,77.03070709800005],[95.95142662900025,77.01365794500009],[95.91700280000003,77.0023867860001],[95.79712975400025,76.99262116100016],[95.68441816500024,76.9522972680002],[96.00660241000003,76.98578522300005],[96.11980228000027,77.0067406270002],[96.19125410200024,76.98843008000014],[96.23503665500004,76.99046458500015],[96.30762780000003,77.01365794500009],[96.26596113400007,77.03424713700022],[96.35962975400008,77.06004466400015],[96.47722415500027,77.08222077000013]]],[[[105.91195722700024,77.27627187700011],[106.01148522200015,77.28742096600013],[105.97038821700005,77.30508047100005],[105.90267988400012,77.30402252800019],[105.78492272200026,77.28058502800022],[105.86182701900009,77.25486888200015],[105.91195722700024,77.27627187700011]]],[[[89.7467953260001,77.16442435900018],[89.81702034700027,77.21058966400014],[89.72755137700017,77.24407664100019],[89.65316816500024,77.30243561400016],[89.6040145190002,77.31256745000022],[89.30437259200016,77.30792877800019],[89.21306399800028,77.27789948100013],[89.16293379000007,77.2499453800001],[89.13461347700024,77.21771881700016],[89.3012163100002,77.14722236400019],[89.49279048500006,77.1407570230001],[89.7467953260001,77.16442435900018]]],[[[106.42896569100003,77.31077708500004],[106.40845787900025,77.33100006700005],[106.3330184250002,77.32160065300022],[106.35401451900009,77.30719635600016],[106.42896569100003,77.31077708500004]]],[[[107.57740319100014,77.33197663000013],[107.39535566500024,77.36025625200017],[107.27955162900025,77.30170319200013],[107.31983483200003,77.28733958500015],[107.41358483200003,77.28986237200007],[107.42318769600013,77.26984284100018],[107.23796634200028,77.25332265800012],[107.22429446700016,77.23338450700004],[107.27222741000026,77.24054596600018],[107.34457441500012,77.23285553600016],[107.6254988940002,77.26797109600014],[107.72169030000003,77.26972077000013],[107.7041121750002,77.29425690300016],[107.7451278000002,77.3290469420001],[107.70004316500024,77.3380801450001],[107.57740319100014,77.33197663000013]]],[[[106.83041425900012,77.47260163000018],[106.73031660200024,77.47044505400018],[106.63754316500024,77.44334544500015],[106.58415774800028,77.44586823100008],[106.52475019600024,77.39044830900019],[106.64144941500024,77.37909577000013],[106.70093834700026,77.38361237200007],[106.7661238940002,77.42645905200015],[106.84009850400025,77.41779205900016],[106.88111412900025,77.42454661700012],[106.86117597700007,77.4457461610001],[106.92546634200028,77.45233795800016],[106.92481530000009,77.46702708500015],[106.83041425900012,77.47260163000018]]],[[[92.03272545700031,77.58808014500008],[92.11011803500014,77.61090729400007],[92.07886803500026,77.62832265800014],[91.94361412900025,77.64394765800012],[91.86597741000014,77.62864817900015],[91.91114342500009,77.60024648600015],[92.03272545700031,77.58808014500008]]],[[[110.90718896428143,73.69185247353872],[110.89861087300005,73.68585846600013],[110.56316165500016,73.64891185100018],[110.47055097700007,73.64935944200016],[110.42261803500026,73.63979726800017],[110.39722741000026,73.61481354400007],[110.42457116000014,73.60736725500018],[110.25318444100009,73.58685944200005],[110.16684004000007,73.58787669500009],[110.0893660820002,73.55955638200015],[110.15699303500026,73.54588450700012],[110.10377037900025,73.51605866100013],[110.01042728000027,73.50922272300011],[109.85523522200026,73.47142161700015],[109.7138778000002,73.45258209800011],[109.57634524800005,73.45123932500022],[109.44996178500026,73.4711367860001],[109.36459394600024,73.5058047550001],[109.19361412900003,73.55166250200017],[109.17017662900014,73.53969961100006],[109.1801863940002,73.51019928600016],[109.28728274800005,73.49848053600019],[109.38851972700007,73.46002838700008],[109.43083743600027,73.45221588700011],[109.43490644600024,73.4267031920001],[109.39616946700005,73.41364166900021],[109.34888756600026,73.43610260600022],[109.2277124360001,73.4699160830001],[109.20492597700007,73.4435488950001],[109.2548934250002,73.42023346600018],[109.2212020190002,73.38711172100005],[109.06885826900009,73.37372467700015],[108.92302493600005,73.35040924700016],[108.68482506600014,73.33982982000009],[108.53891035200013,73.31069570500006],[108.39332116000003,73.3173281920001],[108.2412215500002,73.30072663000007],[108.19752037900014,73.27903880400015],[108.3652449880002,73.27562083500015],[108.39616946700016,73.25787995000007],[108.37484785200007,73.23240794500015],[108.25228925900024,73.22085195500014],[108.09164472700013,73.24640534100013],[107.96607506600026,73.23102448100008],[107.83432050900007,73.18280670800004],[107.72234134200028,73.16852448100013],[107.49293053500026,73.17308177300009],[107.32740319100009,73.15839264500019],[107.03589928500026,73.18219635600008],[106.89991295700003,73.14468008000006],[106.77556399800028,73.14101797100011],[106.3598738940002,73.19428131700019],[106.28248131600003,73.15322500200017],[106.2168074880002,73.14411041900019],[106.17562910200024,73.0943871110002],[106.19711347700024,73.02106354400007],[106.22380618600027,72.9773623720001],[106.25463976700019,72.96719950600004],[106.49854220400027,72.92770339300017],[106.62049847900028,72.89602559100007],[106.86218370700004,72.87803858000015],[106.97107975700021,72.88328339200012],[107.0514764300001,72.87662423200018],[107.10326271700023,72.85640581500019],[106.82329401400011,72.82561377700017],[106.65713469900015,72.83195297000003],[106.6162088000001,72.8554764430001],[106.55844228600029,72.86711191100005],[106.40912786600018,72.87161699500012],[106.1370489210002,72.91085353800011],[106.11787128200007,72.94115373500017],[106.03636787600021,72.9525215410001],[106.00228925900024,72.94696686400013],[105.9306746750002,72.88857656500014],[105.82504316500007,72.87824127800022],[105.75114993600027,72.85708242400011],[105.6762801440002,72.81537506700016],[105.58521569100026,72.8006045590001],[105.48259524800005,72.76813385600019],[105.11784915500016,72.7751325540001],[105.07300866000003,72.76508209800011],[105.06674238400024,72.78558991100016],[105.29004967500009,72.80027903900017],[105.35417728000016,72.83144765800006],[105.52491295700003,72.87124258000006],[105.65064537900014,72.91107819200013],[105.7514754570002,72.97650788000018],[105.83383222700024,73.00226471600013],[105.85328209700015,73.0947940120002],[105.8737085300001,73.11456940300013],[106.00928795700003,73.15509674700016],[106.05250084700015,73.21385325700015],[106.04558353000016,73.25482819200016],[106.06275475400025,73.27301666900007],[106.2324324880002,73.32282135600013],[106.39503014400009,73.31317780200015],[106.4980574880002,73.32623932500013],[106.60043379000024,73.30634186400005],[106.64795983200003,73.30670807500007],[106.78541100400014,73.34052155200004],[106.83130944100003,73.37474192900004],[106.88160241000026,73.4435488950001],[106.93588300900012,73.47060781500005],[107.13355553500026,73.53017812700006],[107.16968834700026,73.55341217700015],[107.10132897200003,73.57387929900014],[107.14682050900007,73.61766185100012],[107.32016035200024,73.62164948100008],[107.3745223320002,73.63532135600022],[107.65984134200016,73.62518952000016],[107.74870853000027,73.61204661700012],[107.96485436300009,73.6703962260001],[108.03679446700005,73.67723216400003],[108.09449303500026,73.66266510600019],[108.06657962300005,73.63532135600022],[108.39795983200003,73.75433991100016],[108.49170983200003,73.77252838700016],[108.43775475400014,73.82025788000013],[108.50196373800009,73.80662669500018],[108.55079186300009,73.81183502800008],[108.62427819100026,73.87250397300014],[108.68360436300003,73.8925235050001],[108.82227623800003,73.95551178600013],[108.9010522800001,73.96491120000013],[108.9961043630002,74.01557038000013],[109.17953535200024,74.05744049700013],[109.4814559250002,74.07721588700016],[109.59888756600003,74.11969635600022],[109.7968856130002,74.16168854400019],[109.8901473320002,74.19700755400004],[109.93043053500008,74.22776927300012],[109.9770613940002,74.2882754580001],[109.94263756600026,74.3077660180002],[109.72771243600027,74.28656647300011],[109.64234459700026,74.2892113300002],[109.56120853000016,74.31370677300004],[109.64323978000016,74.32664622600004],[109.69703209700003,74.3190371770001],[109.9511824880002,74.33698151200014],[109.9995223320002,74.37372467700004],[110.21208743600027,74.37238190300013],[110.36255944100026,74.41828034100013],[110.38982181100027,74.45087311400019],[110.35230553500026,74.47138092700004],[110.28052819100026,74.47821686400007],[110.33155358200008,74.49616120000019],[110.38819420700008,74.49542877800008],[110.49968509200016,74.47821686400007],[110.55713951900003,74.48110586100017],[110.74512780000003,74.51581452000005],[110.8149520190002,74.53900788000018],[110.96021569100026,74.5484886740002],[111.05209394600013,74.57916901200011],[110.98617597700024,74.59422435100012],[111.01775149800017,74.60407135600022],[111.11670983200008,74.60789622600007],[111.40284264400003,74.69110748900019],[111.46583092500009,74.69733307500013],[111.74382571700005,74.66315338700016],[111.81576582100007,74.6919619810001],[111.86793053500003,74.70066966400017],[111.9526473320002,74.73143138200015],[111.9111434250002,74.73826732000018],[111.95346113400012,74.77179596600021],[112.03988691500012,74.78148021000015],[112.09669030000015,74.82762278900009],[112.09197024800017,74.85700104400019],[112.14682050900024,74.87836334800005],[112.43921959700009,74.92157623900005],[112.51384524800005,74.92153554900005],[112.87964928500026,74.99290599200015],[112.9931746750002,75.03949616100016],[113.01156660200024,75.06761302300015],[113.08529707100007,75.08698151200008],[113.14568118600027,75.11810944200016],[113.36304772200009,75.18553294500015],[113.55128014400032,75.26935455900016],[113.60523522200015,75.28497955900013],[113.67066491000003,75.36888255400004],[113.65365644600024,75.38434479400016],[113.53565514400032,75.39012278900003],[113.58611087300017,75.41730377800022],[113.68279056100027,75.41933828300006],[113.72046959700026,75.40985748900005],[113.70818118600005,75.46344635600013],[113.67945397200026,75.49921295800016],[113.63843834700026,75.51972077000013],[113.53638756600026,75.50657786700017],[113.33676191500001,75.53510163000016],[113.25489342500032,75.57436758000017],[113.30941816500012,75.61591217700015],[113.29517662900003,75.64496491100005],[113.2070418630002,75.65009186400007],[113.01628665500016,75.61859772300005],[112.99350019600013,75.58860911700009],[113.03549238400012,75.55304596600021],[112.88209069100003,75.54604726800014],[112.81364993600016,75.55731842700013],[112.78882897200026,75.58860911700009],[112.85889733200008,75.61542389500016],[112.87810306100005,75.64667389500005],[112.76880944100014,75.70282623900005],[112.82520592500009,75.6862246770001],[112.86451256600026,75.69847239800015],[112.82292728000027,75.73883698100022],[112.76002037900025,75.74677155200018],[112.66537519600024,75.7716738950001],[112.59945722700013,75.76634349200015],[112.51775149800011,75.77374909100013],[112.47291100400003,75.81452057500019],[112.42750084700003,75.8330752620002],[112.33692467500009,75.84808991100005],[112.36491946700028,75.8564313820001],[112.55909264400032,75.8513044290001],[113.12330162900025,75.72064850500013],[113.1289168630002,75.69432200700012],[113.06755618600027,75.68349844000014],[113.26124108200008,75.69354889500019],[113.61744225400014,75.65623607000003],[113.58155358200031,75.62140534100018],[113.44629967500032,75.55817291900013],[113.42611738400012,75.54022858300019],[113.55591881600026,75.54022858300019],[113.57211347700013,75.56574127800008],[113.69166100400025,75.59349192900015],[113.72046959700026,75.61933014500016],[113.71802819100014,75.65997955900016],[113.75798587300028,75.69476959800011],[113.76514733200031,75.72235748900013],[113.83716881600026,75.77358633000017],[113.83716881600026,75.79751211100015],[113.89014733200031,75.85398997600015],[113.82837975400003,75.89496491100019],[113.85816491000014,75.91079336100012],[113.78093509200028,75.93927643400022],[113.7597762380002,75.9181582700001],[113.70337975400014,75.93060944200005],[113.61744225400014,75.92377350500013],[113.65211022200003,75.87596263200018],[113.61654707100013,75.86351146000015],[113.48080488400024,75.85553620000019],[113.55591881600026,75.87596263200018],[113.56275475400025,75.89647044500003],[113.52116946700028,75.93060944200005],[113.43978925900024,75.94428131700016],[113.53199303500003,75.9540469420001],[113.55591881600026,75.97223541900019],[113.50074303500014,75.98582591400015],[113.54908287900014,76.0206566430002],[113.45281009200005,76.04132721600021],[113.43978925900024,76.0646833350001],[113.45972741000014,76.14838288000004],[113.35889733200008,76.21133047100017],[113.2412215500002,76.20498281500005],[113.22689863400012,76.22540924700021],[113.29590905000032,76.24591705900016],[113.2592879570002,76.26642487200021],[113.13062584700026,76.25336334800005],[112.93213951900032,76.25958893400019],[112.97169030000009,76.2237002620002],[113.0250757170001,76.21015045800004],[113.13266035200013,76.19961172100017],[113.28907311300031,76.17084381700005],[113.25611412900014,76.15924713700022],[113.30274498800014,76.11562734600011],[113.23422285200013,76.14484284100016],[113.1474715500002,76.16254303600016],[113.05933678500026,76.16376373900016],[112.98731530000032,76.14350006700016],[113.0420028000002,76.11562734600011],[113.02865644600001,76.08616771000004],[112.96216881600026,76.06509023600012],[112.60157311300031,76.04120514500005],[112.5918074880002,76.05467357000003],[112.66578209700026,76.05414459800005],[112.78687584700015,76.08624909100021],[112.85767662900025,76.14350006700016],[112.77963300900012,76.19196198100016],[112.73511803500014,76.20172760600019],[112.63347415500016,76.19269440300008],[112.50074303500026,76.23908112200016],[112.52670332100024,76.24599844000005],[112.61443118600016,76.22235748900013],[112.69263756600014,76.23163483300016],[112.67269941500024,76.24591705900016],[112.74040774800028,76.26703522300016],[112.73161868600005,76.2890078800001],[112.65837649800017,76.32225169500009],[112.74781334700026,76.32843659100007],[112.67090905000009,76.36310455900013],[112.28842207100001,76.45136139500013],[112.23210696700005,76.4505882830002],[112.06373131600009,76.40228913000018],[112.01579837300028,76.38149648600017],[111.96371504000024,76.37824127800013],[111.8291121750002,76.34149811400005],[111.87159264400009,76.36139557500013],[112.19906660200024,76.47186920800016],[112.15796959700026,76.49046458500015],[111.82642662900003,76.59638092700015],[111.66504967500003,76.62103913000016],[111.48878014400003,76.6104190120002],[111.44556725400025,76.63007233300016],[111.54175866000008,76.6506208350001],[111.48715254000024,76.67108795800016],[111.55543053500014,76.68414948100013],[111.21045983200008,76.70888906500014],[111.11939537900014,76.68211497600012],[111.06885826900003,76.7188988300002],[111.13705488400024,76.74681224200015],[111.09034264400009,76.76227448100008],[110.94556725400025,76.76504140800012],[110.8969832690002,76.7530785180002],[110.94467207100024,76.73940664300008],[110.90609785200007,76.73012929900011],[110.82081139400003,76.73411692900018],[110.70484459700026,76.72650788000004],[110.63062584700015,76.73940664300008],[110.61850019600024,76.75897858300004],[110.56666100400025,76.76422760600022],[110.35857181100027,76.75568268400019],[110.06137129000007,76.69159577000013],[109.95834394600024,76.70526764500016],[109.88111412900003,76.70661041900016],[109.83464603000016,76.71881745000022],[109.75228925900012,76.7120628930002],[109.63648522200003,76.72345612200016],[109.60523522200015,76.73940664300008],[109.43091881600026,76.73940664300008],[109.39779707100024,76.7599958350001],[109.33253014400009,76.75849030200004],[109.19849694100026,76.73090241100013],[109.0488387380002,76.74017975500018],[108.68482506600014,76.71645742400017],[108.49927819100009,76.72695547100005],[108.28630618600027,76.70526764500016],[108.32048587300017,76.72508372600018],[108.22494550900007,76.73940664300008],[108.11158287900014,76.73261139500013],[107.94605553500014,76.73729075700015],[107.90211022200026,76.67108795800016],[107.99097741000014,76.64862702000016],[107.98462975400003,76.62270742400017],[107.89568118600027,76.55499909100013],[107.84546959700009,76.53481679900011],[107.59156334700026,76.5050316430002],[107.27003014400009,76.53461334800005],[107.03638756600014,76.50702545800004],[106.87728925900024,76.50348541900016],[106.84750410200024,76.47345612200019],[106.7920028000002,76.47199127800013],[106.70533287900025,76.49872467700015],[106.44874108200003,76.50397370000013],[106.38892662900025,76.52020905200018],[106.40015709700026,76.53461334800005],[106.36703535200024,76.57489655200004],[106.39665774800028,76.60431549700021],[106.45167076900009,76.60919830900019],[106.55274498800009,76.58856842700015],[106.54639733200003,76.56268952000008],[106.61231530000009,76.55963776200016],[106.72738691500024,76.62030670800013],[106.78980553500003,76.6610375020002],[106.78923587300005,76.68500397300005],[106.7241317070002,76.7188988300002],[106.78565514400009,76.72508372600018],[106.84058678500026,76.71405670800013],[106.92554772200026,76.71279531500011],[106.97730553500003,76.73940664300008],[107.04664147200026,76.75556061400013],[107.0590926440002,76.78864166900007],[107.10621178500026,76.81244538000016],[107.19019616000014,76.8014590520001],[107.28581790500004,76.8355980490002],[107.19019616000014,76.84235260600013],[107.22535241000003,76.85785553600005],[107.35466556100027,76.86908600500007],[107.26587975400014,76.89081452000013],[107.46957441500007,76.9064395200001],[107.47486412900025,76.93207428600016],[107.37191816500007,76.94627513200018],[107.23796634200028,77.0062930360001],[107.28581790500004,77.02057526200011],[107.15984134200016,77.01312897300011],[107.08228600400014,77.01609935100004],[107.00294030000009,77.00311920800004],[106.97046959700009,77.01365794500009],[107.01140384200005,77.02741120000019],[106.82984459700015,77.05467357000009],[106.73308353000004,77.03058502800008],[106.6489363940002,77.03424713700022],[106.77857506600003,77.0062930360001],[106.66480553500014,77.00218333500007],[106.61451256600026,77.01365794500009],[106.50001061300009,77.02163320500006],[106.46550540500016,77.03961823100008],[106.3896590500002,77.04197825700004],[106.2920028000002,77.06146881700013],[106.16472415500016,77.05621979400013],[105.94320722700013,77.00006745000013],[105.79948978000027,76.99640534100018],[105.66138756600014,76.98053620000016],[105.57105553500026,76.99079010600008],[105.45053144600024,76.98358795800007],[105.43539472700024,77.00006745000013],[105.48666425900007,77.03457265800006],[105.70980879000024,77.03302643400019],[105.78492272200026,77.04100169500015],[105.73707116000014,77.06146881700013],[105.76677493600016,77.07705312700011],[105.88795006600003,77.09564850500013],[105.94320722700013,77.12978750200011],[105.92847741000014,77.14411041900019],[105.79704837300017,77.11261627800019],[105.6128035820002,77.11465078300012],[105.34066816500007,77.0888125670001],[105.19450931100027,77.11123281500011],[105.14747155000009,77.10993073100019],[105.06674238400024,77.0888125670001],[104.8725692070002,77.09072500200006],[104.77808678500026,77.10993073100019],[104.77198326900009,77.12173086100017],[104.29769941500024,77.0888125670001],[104.21583092500009,77.09564850500013],[104.14193769600007,77.0888532570001],[104.16358483200008,77.10797760600016],[104.34571373800003,77.13548411700009],[104.48340905000009,77.12978750200011],[104.60767662900008,77.15965403900012],[104.78419030000003,77.17397695500017],[104.87867272200026,77.16742584800011],[105.01148522200015,77.1925316430002],[105.1958113940002,77.19867584800016],[105.31959069100014,77.23053620000019],[105.45582116000014,77.2404645850001],[105.53842207100013,77.26699453300006],[105.43539472700024,77.27440013200015],[105.47828209700015,77.28847890800017],[105.61426842500003,77.30170319200013],[105.72437584700026,77.34149811400013],[105.75814863400024,77.36945221600016],[105.79566491000026,77.37352122600012],[106.21973717500003,77.35635000200017],[106.2920028000002,77.37002187700011],[106.25945071700016,77.38353099200009],[106.07886803500014,77.41543203300012],[105.97730553500014,77.42523834800005],[105.98357181100027,77.43829987200021],[105.91000410200013,77.47601959800019],[105.92261803500008,77.4997012390001],[105.89478600400014,77.52765534100013],[105.83334394600024,77.54071686400013],[105.8737085300001,77.56858958500015],[105.33423912900025,77.54100169500015],[105.23316491000014,77.56964752800022],[104.98218834700015,77.58909739800004],[104.8668725920001,77.61298248900019],[104.8076278000002,77.6354027360002],[104.79118899800005,77.67161692900004],[104.75163821700028,77.70620351800011],[104.67823326900009,77.70954010600013],[104.32398522200015,77.66860586100012],[104.25749759200016,77.68528880400015],[104.32447350400025,77.72211334800005],[104.29029381600014,77.73753489800018],[104.1728621750002,77.72687409100013],[104.02328535200024,77.7330996770001],[103.8510848320002,77.70042552300015],[103.79127037900014,77.67698802300018],[103.72868899800011,77.66844310100015],[103.59253991000014,77.63157786700009],[103.35596764400009,77.61953359600017],[103.2568465500002,77.66376373900005],[103.19662519600024,77.65892161700015],[102.94906660200024,77.58909739800004],[102.89926191500007,77.5822614600001],[102.92042076900009,77.55491771000004],[102.88900800900024,77.54633209800011],[102.5693465500002,77.50120677300015],[102.47120201900003,77.46454498900005],[102.40992272200003,77.4306501320001],[102.33130944100003,77.41160716400009],[102.27076256600014,77.38056061400019],[102.1577254570002,77.40228913000016],[102.07569420700008,77.39118073100022],[102.0366317070002,77.36318594000011],[101.7880965500002,77.26886627800013],[101.58366946700005,77.2223167990002],[101.43197675900024,77.15900299700016],[101.2070418630002,77.09853750200006],[101.16635175900012,77.06146881700013],[101.23804772200003,77.05097077000008],[101.23462975400008,77.0062930360001],[101.20630944100026,76.98602936400019],[101.05030358200008,76.99262116100016],[100.95720462300028,76.98712799700013],[100.91928144600007,76.97589752800013],[100.93360436300009,76.9522972680002],[100.8720809250002,76.89940013200004],[100.85767662900025,76.87323639500019],[100.89210045700008,76.86908600500007],[100.86410566500024,76.83803945500014],[100.98129316500024,76.78717682500019],[101.04322350400008,76.77704498900005],[101.17188561300003,76.77602773600017],[101.23462975400008,76.7672793640001],[101.1879988940002,76.73737213700022],[101.12598717500003,76.73261139500013],[101.13624108200008,76.70498281500014],[101.10482832100024,76.61644114800012],[101.03679446700028,76.58161041900007],[100.90984134200016,76.56395091400017],[100.91920006600003,76.5529238950001],[101.03598066500007,76.52020905200018],[101.37525475400025,76.51406484600011],[101.55054772200009,76.49233633000014],[101.56364993600016,76.47308991100019],[101.75310306100005,76.47020091400015],[101.9204207690002,76.44692617400005],[101.96111087300028,76.4354922550001],[102.19629967500003,76.40884023600006],[102.24952233200003,76.38312409100021],[101.85971113400024,76.40058014500016],[101.81568444100014,76.40770091400003],[101.73829186300003,76.45026276200008],[101.41960696700028,76.46442291900019],[101.31617272200015,76.48395416900007],[101.26254316500024,76.47186920800016],[101.0156356130002,76.45880768400019],[101.05713951900009,76.48615143400008],[101.01929772200015,76.50340403900017],[100.92750084700026,76.51056549700021],[100.85108483200008,76.54010651200008],[100.69336998800009,76.50657786700015],[100.30445397200026,76.46185944200019],[100.2295028000002,76.49225495000016],[99.89242597700013,76.48895905200013],[99.7797957690002,76.47532786700017],[99.50855553500026,76.46873607000009],[99.20386803500026,76.49526601800008],[98.87476647200015,76.52094147300011],[98.81641686300003,76.48240794500003],[98.92408287900014,76.4497744810001],[99.02808678500026,76.38987864800015],[99.02019290500027,76.3623721370002],[99.06617272200015,76.35309479400007],[99.26498457100024,76.35224030200015],[99.31519616000003,76.34129466400009],[99.39486738400007,76.28001536700017],[99.55583743600005,76.2789981140001],[99.61500084700015,76.25507233300004],[99.64307701900003,76.19627513200015],[99.7983504570002,76.15619538000004],[99.8095809250002,76.12921784100007],[99.87777754000012,76.09568919500003],[99.82520592500009,76.02435944200005],[99.8999129570002,75.9757347680002],[99.90235436300003,75.92719147300014],[99.85987389400009,75.89948151200014],[99.71338951900009,75.86237213700022],[99.61264082100007,75.78929271000004],[99.57064863400007,75.77973053600007],[99.42400149800005,75.79344310100018],[99.6147567070002,75.83722565300013],[99.67920983200008,75.87596263200018],[99.69166100400008,75.91376373900005],[99.68181399800017,75.96600983300004],[99.7446395190002,76.00975169500003],[99.75489342500003,76.04901764500013],[99.64283287900008,76.08380768400008],[99.55567467500003,76.06777578300017],[99.5761824880002,76.08148834800011],[99.5171004570002,76.08600495000007],[99.46753991000026,76.10871002800022],[99.58228600400008,76.1231143250001],[99.59669030000009,76.13979726800014],[99.56177819100014,76.15704987200013],[99.51978600400025,76.14740631700016],[99.40113366000014,76.14716217700013],[99.26148522200015,76.12921784100007],[99.17286217500003,76.13764069200013],[99.09017988400007,76.16400788000013],[99.23414147200026,76.16400788000013],[99.20004316500024,76.17767975500016],[99.27409915500004,76.21686432500019],[99.19369550900024,76.22443268400013],[99.17212975400014,76.21238841400003],[98.93287194100026,76.22540924700021],[98.8369246750002,76.19814687700011],[98.71273847700013,76.20498281500005],[98.78296959700026,76.23163483300016],[98.81641686300003,76.26703522300016],[98.57618248800003,76.23163483300016],[98.4043074880002,76.18427155200004],[98.34310957100007,76.17767975500016],[98.16537519600013,76.17829010600022],[98.11841881600026,76.1480980490002],[98.02759850400008,76.1571719420001],[97.91773522200003,76.12299225500013],[98.01872806100016,76.10529205900019],[98.21998131600026,76.10252513200015],[98.09546959700026,76.08783600500007],[97.96045983200003,76.06220123900019],[97.91285241000014,76.05931224200015],[97.79859459700026,76.09454987200019],[97.71216881600026,76.09609609600014],[97.62582441500007,76.08193594000011],[97.5483504570002,76.05414459800005],[97.57960045700008,76.0477969420001],[97.70093834700026,76.05149974200015],[97.82056725400008,76.01878489800004],[97.84253991000003,75.99237702000005],[97.7060653000002,75.97842031500016],[97.63795006600026,75.9899356140001],[97.51921634200005,75.9917666690001],[97.45606530000003,75.98334381700013],[97.39437910200013,75.98871491100019],[97.31714928500003,75.9652774110001],[97.34229576900009,75.94428131700016],[97.31226647200015,75.93451569200013],[97.18531334700003,75.93060944200005],[97.24675540500027,75.9579531920001],[97.1987410820002,75.97581614800018],[97.1992293630002,75.99310944200016],[97.39682050900007,76.04730866100013],[97.2509871750002,76.04340241100005],[97.06177819100003,75.98582591400015],[97.00261478000027,75.9752464860002],[96.93783613400007,75.93569570500006],[96.8305770190002,75.91543203300006],[96.83521569100014,75.88898346600007],[96.68637129000007,75.90672435100015],[96.46143639400003,75.87189362200021],[96.57390384200028,75.93756745000022],[96.66456139400003,75.96539948100008],[96.6386824880002,75.98468659100021],[96.5000106130002,75.97842031500016],[96.54786217500003,76.00633372600012],[96.47982832100007,76.01561107000015],[96.37452233200003,75.99534739800015],[96.26596113400007,75.99266185100018],[96.3418074880002,75.97223541900019],[96.30925540500016,75.95880768400019],[96.17310631600026,75.94989655200015],[96.07642662900014,75.96157461100009],[95.93726647200015,75.94916413000004],[95.82097415500016,75.9169375670001],[95.73951256600003,75.8564313820001],[95.67888431100005,75.8621279970001],[95.57520592500003,75.88898346600007],[95.7114363940002,75.90704987200019],[95.85132897200015,75.97431061400013],[95.9184676440002,75.98940664300014],[96.0048934250002,75.99335358300013],[95.97868899800017,76.03363678600019],[96.07496178500026,76.04730866100013],[96.06120853000016,76.05963776200008],[95.99293053500026,76.06159088700022],[96.0376082690002,76.08136627800013],[96.14340254000024,76.07587311400013],[96.19646243600016,76.08755117400011],[96.11052493600016,76.11066315300008],[95.97510826900009,76.11420319200005],[95.87289472700024,76.13812897300011],[95.38982181100005,76.16400788000013],[95.25505618600005,76.12319570500009],[95.15333092500009,76.13222890800017],[95.05543053500014,76.11200592700015],[94.93213951900003,76.1117617860001],[94.83472741000003,76.14972565300022],[94.5727645190002,76.15997955900016],[94.53988691500024,76.14972565300022],[94.64991295700008,76.14911530200015],[94.70980879000012,76.13947174700019],[94.73853600400025,76.11562734600011],[94.65691165500016,76.11302317900012],[94.60434004000012,76.09955475500004],[94.59546959700026,76.06391022300019],[94.45948326900003,76.0517031920001],[94.47152754000024,76.07526276200016],[94.3823348320002,76.09568919500003],[94.37419681100016,76.12079498900013],[94.32894941500024,76.12384674700021],[94.20134524800017,76.10480377800022],[94.10230553500003,76.12250397300014],[93.68580162900008,76.13226959800016],[93.63550866000014,76.12299225500013],[93.68978925900024,76.09568919500003],[93.78353925900007,76.10297272300005],[93.88160241000026,76.07367584800014],[93.93490644600024,76.08047109600005],[93.99870853000016,76.05414459800005],[93.96070397200026,76.04832591400009],[93.84791100400025,76.05414459800005],[93.78500410200013,76.04144928600019],[93.72095787900025,76.05874258000017],[93.62818444100003,76.04730866100013],[93.53191165500027,76.04730866100013],[93.42701256600026,76.01203034100018],[93.38795006600003,76.0206566430002],[93.42204837300005,76.04730866100013],[93.33383222700024,76.06777578300017],[93.43034915500027,76.10687897300005],[93.31348717500003,76.1062686220001],[93.25912519600013,76.09638092700015],[93.12094160200013,76.09568919500003],[93.21949303500003,76.07062409100013],[93.21070397200015,76.04328034100007],[93.1010848320002,76.0237490910001],[93.02491295700031,76.07526276200016],[92.9238387380002,76.05329010600013],[92.91163170700031,76.01797109600011],[92.92920983200008,75.99266185100018],[92.82683353000016,75.96539948100008],[92.88428795700008,75.93402741100005],[92.88819420700008,75.89647044500003],[93.00700931100016,75.8866641300001],[93.07146243600016,75.88939036700017],[93.1079207690002,75.91079336100012],[92.9640405610001,75.93060944200005],[93.00586998800003,75.94403717700004],[93.1421004570002,75.9579531920001],[93.2773543630002,75.9821231140001],[93.32016035200007,75.97223541900019],[93.25814863400024,75.95172760600013],[93.38493899800028,75.89687734600005],[93.41895592500003,75.87287018400019],[93.49439537900025,75.89533112200019],[93.44792728000004,75.90859609600014],[93.51880944100014,75.94798411700012],[93.58057701900003,75.95075104400007],[93.59400475400014,75.9169375670001],[93.66431725400025,75.90224844000019],[93.74048912900014,75.90021393400008],[94.05298912900008,75.93060944200005],[94.14421634200028,75.95514557500016],[94.1630965500002,75.94428131700016],[94.05298912900008,75.91543203300006],[93.54981530000003,75.85301341400009],[93.18572024800028,75.82656484600011],[92.86117597700013,75.79344310100018],[92.51628665500016,75.77293528900003],[92.37134850400025,75.74046458500004],[92.2255965500002,75.75372955900008],[92.0078231130002,75.72577545800004],[91.90121504000007,75.73261139500008],[91.81202233200031,75.71662018400016],[91.74293053500003,75.73607005400015],[91.65902754000024,75.7237816430002],[91.62086022200026,75.69847239800015],[91.64210045700031,75.65436432500007],[91.58025149800017,75.6377627620002],[91.45093834700026,75.65009186400007],[91.29127037900014,75.62897370000013],[91.18620853000016,75.64280833500004],[91.1949975920001,75.6637230490002],[91.12818444100026,75.66571686400005],[91.05160566500012,75.63580963700016],[90.97803795700031,75.62042877800022],[90.9150496750002,75.64325592700004],[90.90609785200024,75.66742584800005],[90.75562584700009,75.65298086100017],[90.59888756600026,75.61188385600019],[90.31885826900009,75.6015078800001],[89.95411217500009,75.57762278900003],[89.91456139400003,75.56069570500014],[90.03598066500024,75.54328034100007],[90.05787194100026,75.51972077000013],[89.8554793630002,75.51536692900004],[89.63575280000009,75.50478750200017],[89.62387129000012,75.4774844420001],[89.72266686300003,75.45148346600021],[89.6787215500002,75.44155508000011],[89.6100366550001,75.45014069200013],[89.39519290500004,75.4489606790001],[89.39380944100014,75.46507396000015],[89.31120853000016,75.4787458350001],[89.26205488400024,75.50315989800015],[89.22925866000014,75.50267161700017],[89.18767337300017,75.47134023600012],[89.13233483200008,75.4528262390001],[89.01636803500003,75.45148346600021],[88.75717207100007,75.41665273600017],[88.73585045700031,75.40985748900005],[89.00717207100024,75.43353913000016],[89.05640709700015,75.42568594000019],[89.08521569100026,75.40302155200004],[89.00847415500004,75.41445547100017],[88.92457116000014,75.4122582050002],[88.84253991000014,75.39862702000005],[88.76986738400024,75.37567780200015],[88.8183699880002,75.36204661700012],[88.75261478000016,75.35073476800014],[88.61166425900024,75.34422435100004],[88.55030358200008,75.31427643400008],[88.62598717500003,75.26650625200011],[88.51791425900024,75.28266022300019],[88.37134850400025,75.25531647300011],[88.32618248800003,75.2345645200001],[88.31446373800003,75.18085358300004],[88.29078209700003,75.17023346600018],[88.16928144600024,75.15005117400017],[88.13941491000014,75.12872955900019],[88.08326256600014,75.14398834800016],[87.99252363400024,75.10691966400015],[87.91187584700003,75.10077545800019],[87.5879012380002,75.1430117860001],[87.5390731130002,75.14109935100015],[87.20118248800009,75.16917552300015],[87.02458743600016,75.1642113300002],[86.93718509200016,75.1266136740002],[86.89861087300028,75.08771393400019],[86.94076582100024,75.07404205900016],[87.0351668630002,75.09267812700006],[87.26783287900025,75.07294342700013],[87.36475670700031,75.03994375200006],[87.73218834700026,75.03864166900016],[87.78988691500024,75.02627187700011],[87.68002363400024,75.01264069200016],[87.69507897200026,74.99115631700005],[87.63868248800003,74.97223541900013],[87.5566512380002,74.96141185100004],[87.5981551440002,74.9369164080002],[87.55225670700031,74.93138255400018],[87.44548587300005,74.95327383000011],[87.4336043630002,74.96482982000006],[87.47999108200014,74.98725006700005],[87.4262801440002,75.00580475500016],[87.32748457100024,75.01276276200014],[87.21273847700013,75.00291575700004],[87.17286217500003,74.9852969420001],[87.25025475400014,74.96133047100005],[87.3639429050001,74.95746491100005],[87.38575280000009,74.94432200700018],[87.26579837300005,74.91356028900012],[87.09717858200031,74.86212799700019],[87.06128991000026,74.83966705900019],[87.03638756600003,74.79975006700005],[87.08171634200005,74.77301666900013],[87.06373131600026,74.72528717700018],[87.03728274800028,74.72353750200017],[86.96802819100014,74.75543854400019],[86.85873457100024,74.74607982000015],[86.76205488400012,74.70408763200018],[86.79468834700015,74.68504466400009],[86.90601647200026,74.6906192080001],[86.95386803500003,74.68366120000019],[86.90259850400025,74.65412018400013],[86.96517988400012,74.62506745000007],[86.95753014400009,74.60883209800014],[86.80787194100003,74.63153717700015],[86.71713300900012,74.61774323100016],[86.6665145190002,74.64264557500019],[86.68685957100013,74.65631745000013],[86.61841881600014,74.65566640800017],[86.60759524800017,74.67450592700004],[86.63917076900003,74.69733307500013],[86.47396894600007,74.72528717700018],[86.39144941500007,74.72528717700018],[86.32146243600016,74.70766836100006],[86.21338951900009,74.76557038000016],[86.37777754000024,74.75873444200005],[86.34693444100026,74.78082916900021],[86.2802840500002,74.78314850500018],[86.22087649800017,74.80719635600022],[86.12183678500026,74.80719635600022],[86.10336347700024,74.81867096600007],[86.0283309250002,74.81395091400015],[86.10987389400003,74.78803131700008],[86.12525475400025,74.77301666900013],[86.10108483200008,74.73578522300005],[86.01612389400003,74.7147891300001],[85.9379988940002,74.72797272300005],[85.84245853000004,74.70115794500015],[85.86451256600003,74.67059967700004],[85.79867597700024,74.66217682500007],[85.74040774800005,74.63589101800017],[86.1938582690002,74.62197500200017],[86.3247176440002,74.60333893400019],[86.38746178500008,74.58242422100014],[86.49146569100014,74.56696198100022],[86.78248131600026,74.56073639500008],[86.75831139400009,74.54718659100018],[86.56446373800003,74.52505117400011],[86.53549238400024,74.51235586100006],[86.59066816500024,74.50556061400013],[86.6254988940002,74.48436107000003],[86.67156009200016,74.48248932500007],[86.70679772200026,74.45087311400019],[86.76889082100013,74.44403717700015],[86.79590905000009,74.4235700540001],[87.05005944100014,74.44403717700015],[87.09245853000016,74.43598053600013],[87.06031334700026,74.40216705900016],[87.1254988940002,74.37579987200016],[87.26238040500004,74.35468170800004],[87.11833743600016,74.35468170800004],[87.01596113400024,74.36725495000013],[87.00220787900014,74.35468170800004],[87.04135175900007,74.32168203300017],[87.04281660200013,74.28583405200018],[86.99293053500026,74.27024974200009],[86.96802819100014,74.27960846600021],[86.98764082100007,74.30581289300005],[86.95972741000026,74.3388532570001],[86.90650475400025,74.33527252800013],[86.85816491000026,74.30630117400014],[86.7158309250002,74.30182526200008],[86.71713300900012,74.32514069200016],[86.78174889400003,74.32973867400011],[86.88624108200008,74.3505313170001],[86.95386803500003,74.38886139500013],[86.85075931100027,74.39569733300007],[86.80152428500026,74.38247304900011],[86.70679772200026,74.39569733300007],[86.62354576900009,74.38751862200013],[86.62175540500027,74.4127871770001],[86.5727645190002,74.44334544500003],[86.47527103000027,74.45819733300019],[86.31576582100007,74.43797435100015],[86.2539168630002,74.41950104400013],[86.2011824880002,74.4313418640001],[86.0494897800001,74.41616445500011],[86.0957137380002,74.40399811400013],[86.23226972700013,74.39752838700022],[86.30844160200007,74.33905670800016],[86.28679446700028,74.3129336610001],[86.15853925900007,74.35765208500015],[85.9366968110001,74.36810944200005],[85.91187584700015,74.33978913000018],[85.96013431100027,74.32054271000004],[85.94874108200031,74.2926292990002],[86.0200301440002,74.26251862200007],[86.50562584700015,74.25527578300006],[86.66334069100014,74.23590729400013],[86.7573348320002,74.20774974200015],[86.80298912900014,74.18402741100005],[86.73023522200026,74.14345937700011],[86.73357181100027,74.12872955900013],[86.86451256600009,74.10830312700006],[86.85075931100027,74.08779531500011],[86.89576256600026,74.07021719000016],[87.29078209700015,74.0626895200001],[87.3623153000002,74.04775625200017],[87.41993248800009,74.01211172100011],[87.36622155000009,74.01072825700004],[87.2573348320002,74.03912995000007],[86.99740644600024,74.0497907570001],[86.94019616000026,74.03314850500016],[87.04322350400014,73.99217357000003],[87.08073978000016,73.96088288000018],[87.1445418630002,73.93060944200019],[87.15674889400009,73.90281810100012],[87.24008222700007,73.86082591400003],[87.36280358200008,73.82697174700007],[87.43018639400009,73.82025788000013],[87.48755944100003,73.83584219000011],[87.52979576900003,73.86465078300006],[87.53052819100026,73.90741608300007],[87.61068769600013,73.91351959800005],[87.66407311300009,73.89085521000018],[87.61736087300017,73.82355377800016],[87.5571395190002,73.8017438820001],[87.3271590500002,73.75315989800015],[87.28052819100003,73.72992584800014],[87.24870853000027,73.69057851800014],[87.32349694100026,73.7084007830002],[87.31202233200031,73.6825218770002],[87.23633873800003,73.65281810100018],[87.16480553500003,73.61139557500016],[87.11158287900014,73.60492584800005],[86.84489993600005,73.60626862200013],[86.77263431100016,73.58380768400013],[86.20362389400003,73.55784739800015],[86.0742293630002,73.52826569200019],[85.9716903000002,73.51923248900019],[85.8823348320002,73.4962425800002],[85.84400475400025,73.43984609600005],[85.84961998800009,73.38165924700021],[85.89380944100014,73.33966705900013],[85.93392988400024,73.32391998900019],[86.25025475400025,73.27732982000015],[86.37777754000024,73.24428945500011],[86.46021569100026,73.19782135600008],[86.5122176440002,73.18032461100012],[86.58383222700024,73.17597077000013],[86.6596785820002,73.15180084800011],[86.74187259200016,73.10455963700014],[86.78199303500008,73.0460472680002],[86.78248131600026,73.00088125200006],[86.74537194100026,73.02130768400019],[86.72046959700015,73.07294342700015],[86.66334069100014,73.12213776200008],[86.52279707100007,73.16347890800012],[86.3286238940002,73.18060944200005],[86.24740644600013,73.22382233300004],[86.23373457100024,73.25486888200015],[85.91431725400008,73.30744049700019],[85.84791100400025,73.32575104400007],[85.79721113400007,73.36481354400021],[85.80298912900025,73.40253327000019],[85.78679446700028,73.4807803410001],[85.89185631600026,73.51862213700022],[85.97478274800028,73.53367747600004],[86.11622155000009,73.5878360050001],[86.27540123800003,73.60053131700016],[86.39616946700028,73.62482330900013],[86.51978600400025,73.67230866100016],[86.61939537900014,73.68276601800005],[86.7477319670001,73.71381256700008],[86.86329186300009,73.76483795800004],[87.01075280000003,73.77871328300014],[87.10352623800009,73.84487539300014],[87.0800887380002,73.87152741100016],[86.7832137380002,73.90224844000005],[86.01612389400003,73.86652252800022],[85.86841881600003,73.82404205900013],[85.60425866000014,73.82192617400014],[85.57048587300017,73.81293366100013],[85.4721785820002,73.75975169500003],[85.49447675900024,73.73773834800011],[85.42701256600026,73.7119001320001],[85.09742272200015,73.71723053600016],[85.00798587300005,73.71039459800005],[84.79322350400014,73.76471588700008],[84.5717879570002,73.75299713700008],[84.36597741000003,73.71027252800008],[83.72803795700031,73.6954613300002],[83.48365319100003,73.65546295800016],[83.06267337300005,73.65379466400015],[82.57260175900024,73.66156647300005],[81.95687910200024,73.66266510600019],[81.52979576900009,73.64777252800013],[81.31812584700026,73.62360260600013],[81.25359134200028,73.60480377800008],[80.9170028000002,73.58685944200005],[80.83220462300028,73.57176341400003],[80.57447350400025,73.58417389500005],[80.51295006600009,73.56704336100012],[80.50554446700028,73.49811432500007],[80.54029381600026,73.48725006700019],[80.6337996750002,73.51410553600016],[80.67741946700005,73.50495026200008],[80.62281334700026,73.48574453300014],[80.61003665500004,73.44887929900008],[80.56568444100009,73.42890045800019],[80.48503665500016,73.41913483300004],[80.4287215500002,73.37181224200009],[80.34986412900014,73.38255442900012],[80.32081139400009,73.35488515800012],[80.2548934250002,73.32973867400014],[80.27271569100009,73.30975983300016],[80.34164472700024,73.29901764500005],[80.4399520190002,73.29572174700019],[80.52833092500003,73.2814802100001],[80.56755618600016,73.23802317900015],[80.5634871750002,73.2215029970001],[80.46705162900014,73.20343659100007],[80.32243899800028,73.20262278900015],[80.23113040500004,73.17597077000013],[80.32732181100016,73.18280670800004],[80.4013778000002,73.16486237200019],[80.52084394600024,73.1558291690001],[80.56861412900014,73.14154694200019],[80.59498131600003,73.11456940300013],[80.51392662900025,73.11481354400007],[80.43718509200005,73.10089752800019],[80.50619550900024,73.07835521000013],[80.65463300900012,73.06513092700015],[80.7504988940002,73.03774648600012],[80.76433353000004,73.0075544290001],[80.8003035820002,72.99103424700021],[80.84197024800017,72.92210521000015],[80.81967207100013,72.87250397300005],[80.77295983200031,72.80609772300011],[80.63209069100014,72.73379140800006],[80.63412519600024,72.70392487200007],[80.68588300900007,72.64630768400019],[80.79574629000024,72.63597239800009],[80.8344832690002,72.62051015800009],[80.78296959700003,72.59731679900014],[80.77914472700007,72.57953522300005],[80.70411217500003,72.54535553600016],[80.8344832690002,72.47370026200014],[80.90699303500008,72.4557152360002],[81.15503991000008,72.3654238950001],[81.20818118600027,72.35492584800014],[81.58619225400014,72.35065338700022],[81.86182701900003,72.31712474200009],[81.9440210300001,72.29303620000016],[82.12818444100009,72.27749258000006],[82.1821395190002,72.28620026200014],[82.29769941500024,72.2206485050001],[82.29957116000014,72.13446686400005],[82.22388756600014,72.11505768400013],[82.18506920700031,72.09349192900004],[82.27605228000027,72.07949453300017],[82.38160241000026,72.04022858300016],[82.47055097700024,72.02081940300016],[82.62378991000008,71.94159577000019],[82.64136803500014,71.90224844000019],[82.70386803500026,71.87734609600005],[82.78695722700024,71.90546295800004],[82.96998131600026,71.89793528900009],[83.05095462300005,71.88507721600007],[83.16179446700028,71.88434479400013],[83.25855553500003,71.85748932500016],[83.36052493600027,71.84064362200016],[83.41553795700008,71.80776601800005],[83.41871178500014,71.74754466400009],[83.45875084700026,71.74038320500006],[83.52670332100024,71.70302969000019],[83.54297936300009,71.67340729400016],[83.59986412900008,71.64520905200018],[83.62818444100026,71.61090729400021],[83.61915123800003,71.55658600500018],[83.54127037900025,71.49701569200016],[83.38217207100007,71.46503327000016],[83.38493899800017,71.38202545800019],[83.2662866550001,71.28571198100008],[83.2109481130002,71.27366771000015],[83.14763431100016,71.24481842700004],[83.20972741000003,71.1892764340001],[83.25700931100016,71.11652252800013],[83.11605879000007,71.11347077000005],[83.1686304050001,71.08201732000012],[83.31568444100026,71.06565989800009],[83.38184655000009,71.03266022300005],[83.3994246750002,71.00336334800011],[83.38306725400025,70.97626373900019],[83.47608483200014,70.9179141300001],[83.52076256600003,70.84593333500007],[83.54102623800003,70.79132721600018],[83.58269290500027,70.78148021000015],[83.60962975400025,70.7540957700001],[83.5986434250002,70.71723053600005],[83.61491946700005,70.68988678600016],[83.66480553500026,70.66095612200016],[83.69516035200024,70.60976797100011],[83.75733483200008,70.56850820500006],[83.7451278000002,70.5029971370002],[83.77466881600026,70.47662995000022],[83.64584394600024,70.39899323100008],[83.54688561300009,70.35407135600008],[83.53443444100014,70.3319766300001],[83.48389733200031,70.33502838700008],[83.33741295700031,70.31317780200004],[83.20541425900012,70.31216054900017],[83.01303144600013,70.33502838700008],[82.9516707690002,70.32514069200016],[83.01441491000003,70.28729889500013],[83.06527754000024,70.23314036700015],[83.12973066500012,70.20856354400016],[83.18295332100007,70.13886139500016],[83.1767684250002,70.08307526200011],[83.11109459700015,70.06948476800005],[83.00123131600014,70.08299388200012],[82.88306725400008,70.08901601800011],[82.77564537900025,70.14203522300005],[82.67351321700028,70.16559479400019],[82.65064537900025,70.22955963700011],[82.66407311300009,70.26015859600011],[82.87582441500007,70.3729922550001],[83.01050866000003,70.42658112200019],[83.05250084700026,70.49990469000014],[82.9931746750002,70.57160065300013],[83.0683699880002,70.61318594000011],[83.05469811300009,70.66779205900008],[83.08578535200007,70.72345612200019],[83.13721764400009,70.76398346600021],[83.1440535820002,70.84593333500007],[83.13379967500009,70.88239166900021],[83.03256269600007,70.9061953800001],[82.93238366000026,70.95404694200013],[82.90162194100003,71.00104401200014],[82.87582441500007,70.99677155200004],[82.89665774800017,70.93976471600013],[82.86597741000014,70.9179141300001],[82.84302819100026,70.95221588700014],[82.73454837300017,70.96552155200015],[82.68816165500027,70.96190013200012],[82.5737410820002,70.90176015800012],[82.56861412900025,70.85317617400017],[82.47868899800017,70.80499909100013],[82.5542098320002,70.76154205900008],[82.50212649800017,70.75336334800016],[82.49634850400008,70.71930573100016],[82.43091881600014,70.69513580900013],[82.4638778000002,70.64594147300014],[82.4453231130002,70.60651276200016],[82.29737389400003,70.60394928600005],[82.18018639400009,70.58576080900016],[82.15723717500009,70.57160065300013],[82.23959394600013,70.4970563820001],[82.22535241000008,70.47955963700014],[82.25180097700007,70.37592194200013],[82.32740319100026,70.2502302100001],[82.34888756600003,70.20229726800011],[82.2504988940002,70.26772695500006],[82.23275800900007,70.31834544500015],[82.20289147200003,70.34902578300006],[82.15040123800003,70.48627350500018],[82.14340254000007,70.53123607000018],[82.08204186300009,70.56537506700016],[82.1001082690002,70.58930084800005],[82.19874108200008,70.63369375200008],[82.19239342500003,70.65704987200007],[82.2353621750002,70.69611237200021],[82.36898847700024,70.74262116100016],[82.40870201900009,70.76581452000019],[82.40837649800017,70.79018789300005],[82.34888756600003,70.81801992400011],[82.32398522200026,70.84609609600011],[82.3296004570002,70.87409088700014],[82.30738366000014,70.90802643400008],[82.20834394600024,70.98680247600015],[82.20313561300003,71.01626211100012],[82.2353621750002,71.0362002620002],[82.31421959700015,71.05947500200014],[82.35279381600003,71.09625885600022],[82.33155358200031,71.14419179900011],[82.28345787900025,71.17861562700006],[82.28003991000026,71.2233340520001],[82.25928795700014,71.25267161700003],[82.29656009200005,71.2872988950001],[82.82007897200026,71.39130280200004],[82.93995201900003,71.3980166690001],[83.04786217500003,71.41510651200022],[82.9853621750002,71.46283600500018],[83.01197350400025,71.52895742400017],[83.05014082100024,71.56159088700022],[83.13559004000024,71.57184479400016],[83.28988691500024,71.64789459800005],[83.32048587300017,71.68329498900016],[83.25171959700026,71.72565338700016],[83.15333092500003,71.7398135440001],[83.01921634200028,71.72943756700019],[82.96355228000016,71.74066803600019],[82.92432701900003,71.77138906500016],[82.86736087300005,71.78644440300019],[82.49854576900009,71.75462474200015],[82.41879316500024,71.73688385600016],[82.30404707100007,71.73037344000016],[82.19434655000009,71.70774974200012],[81.73666425900012,71.69989655200013],[81.54664147200026,71.74160390800009],[81.34229576900009,71.76422760600013],[81.27947024800028,71.79604726800017],[81.24976647200026,71.85919830900016],[80.64722741000014,72.03412506700016],[80.63233483200008,72.0460879580001],[80.68588300900007,72.07876211100015],[80.81397545700031,72.07990143400008],[80.73210696700028,72.04511139500013],[80.80176842500003,72.02480703300012],[80.83757571700016,72.03412506700016],[80.83464603000016,72.0833194030001],[80.47396894600013,72.15204498900019],[80.01010175900007,72.20774974200009],[79.78541100400025,72.26463450700004],[79.51384524800028,72.36220937700006],[79.39144941500024,72.38556549700013],[79.20948326900003,72.39020416900007],[79.01742597700007,72.37718333500018],[78.4975692070002,72.40818919500012],[78.50276407139575,72.38190652194334],[78.44495893730527,72.35377513301603],[78.52795128772186,72.307757269982],[78.59781782423318,72.30018667357615],[78.65579878118899,72.25832876226264],[78.66954471181919,72.22494578671868],[78.61456098839903,72.21016632821346],[78.69682986840371,72.18032318856427],[78.77579145741004,72.18499990512157],[78.7894340352525,72.1691352400992],[78.8985746597927,72.14722443296122],[78.90477583243887,72.11921580686405],[78.9847709493198,72.12167043714103],[79.07076053327216,72.10846710887006],[79.10786421096475,72.07301707577739],[79.22392947766332,72.07601430931288],[79.33937462763708,72.05756582280458],[79.38216271403815,72.060201321134],[79.41885297968133,72.04340648102428],[79.61336307234797,72.0426313337691],[79.69490848194096,72.05769501401377],[79.85396853971645,72.02521637603496],[79.91029585207207,71.98627818479048],[80.01581912635163,71.98335846652003],[80.10904340992539,71.94987213818865],[80.2179773288907,71.94248240803677],[80.25208377484631,71.91648916354404],[80.33910688667356,71.88979828616198],[80.33538618362559,71.87566478100493],[80.27626834510806,71.87442454755484],[80.26851687975022,71.85514923784712],[80.17942671127378,71.86662140625293],[80.07400678888234,71.84636424371496],[80.03669640471549,71.81528086971636],[80.07597049274403,71.80977732995981],[80.11441775937215,71.78368073178032],[80.07617719921848,71.76466380539034],[80.11875857914526,71.67485016470343],[80.02987511624383,71.65981232377982],[79.97623497906125,71.61738597348395],[79.86823123608269,71.60165049877148],[79.55166141144514,71.60689565700898],[79.51228396972954,71.60017772132488],[79.38267947797556,71.61495717983001],[79.33844445165028,71.59790395820116],[79.38898400340918,71.54348867556195],[79.36376590437317,71.49971873633058],[79.33348351425286,71.48111522109053],[79.17959109944968,71.44504507127306],[79.14310753758298,71.42168732421067],[79.1842419775852,71.34494782238409],[79.24470340413882,71.31673248981258],[79.33513715975232,71.31523387304483],[79.4664986506923,71.30060944327124],[79.56520063739947,71.27735504809706],[79.95442752471058,71.13410797850037],[80.40318566258838,71.09121653931194],[80.52648562980812,71.0635179715772],[80.55005008334467,71.04444936834363],[80.55191043531829,70.90016876907345],[80.56472618996168,70.86037791620782],[80.59159793539652,70.84030162172246],[80.6798612806736,70.8053941918885],[80.65216271383827,70.77216624597551],[80.60606733643846,70.75278758437946],[80.60803104030049,70.71018036603107],[80.74156294067723,70.67403270094843],[80.75282840440735,70.63522370091306],[80.70456261577215,70.58582103071603],[80.67014611235322,70.57760447916337],[80.65815718001,70.51822825822757],[80.61381880089692,70.49518056952763],[80.70135867666158,70.44376251952463],[80.79458296113472,70.43833649413386],[80.78838178938815,70.41828603807022],[80.74414676306287,70.41921621405703],[80.72223595592482,70.3905874703355],[80.68678592283203,70.42107656513139],[80.62601443881545,70.42412547551038],[80.56906700973491,70.46081574205294],[80.3498555846677,70.45988556606596],[80.2871203958897,70.431980291857],[80.1769462416757,70.42955150000171],[80.18273400317173,70.39327464550854],[80.09540083208287,70.3954192174229],[80.09509077282098,70.3534321149003],[79.96011193162053,70.31374461482216],[79.88042687400116,70.27808787705396],[79.83143761585336,70.26832103099079],[79.76002078573072,70.2813434921085],[79.7102047061822,70.2749872907309],[79.72188357926393,70.24785716377713],[79.63020958930122,70.22070119930089],[79.61181277873686,70.19313182187608],[79.50525597478361,70.11541046811863],[79.45502648318575,70.11189647154501],[79.39260135277038,70.13210195634028],[79.39177452957097,70.15000784048954],[79.33348351425286,70.1476048861567],[79.33575727737662,70.08166575826823],[79.35549767417842,70.04996226754471],[79.2954496596742,70.0586180695683],[79.20842654784701,70.05283030897164],[79.18300174323599,70.04135814146508],[79.19633426271616,70.01458974881783],[79.13638960189871,70.0144863960304],[79.17121951736692,69.97831289342537],[79.09639204255893,69.93402619115585],[79.05505089698147,69.93009878253275],[78.99924035036202,69.89278839836592],[78.940225864632,69.87676870371271],[78.88606896441127,69.88064443639166],[78.91294070804719,69.86090403869048],[79.00544152210853,69.83646108690965],[78.97981001192272,69.81165639902366],[79.06476606620117,69.7782992619014],[79.075101353045,69.74892121024567],[79.11644249862263,69.73160960619842],[79.01401980976652,69.7080451517624],[79.01660363215206,69.69879507143546],[79.4166825702444,69.6497541373435],[79.4910966330034,69.65445669232253],[79.53150760259393,69.62562124302593],[79.51734825991434,69.60404633177274],[79.58535444535141,69.58828502133676],[79.64044152155901,69.52154490777139],[79.64447228386882,69.49139170975968],[79.73087527897093,69.4290957714527],[79.80136193220739,69.42555593555807],[79.82968061666713,69.39018341683118],[79.86947147043213,69.37292348872799],[79.86461388492285,69.34858388883544],[79.95980187415728,69.34186595315126],[80.03535281757866,69.35411326791296],[80.25983524020421,69.3557152374683],[80.46964155531361,69.3197226020165],[80.73422488826805,69.30812124330086],[80.76295698387787,69.30228180586067],[80.80822553897741,69.26187083627013],[80.90175988181306,69.2358259140347],[80.96687218560282,69.20910919913032],[81.16748009632954,69.23990835228864],[81.23155887224436,69.2660049513675],[81.32385297983126,69.28564199538175],[81.44322553932716,69.25670319329777],[81.52590783138146,69.26290436504445],[81.61065718008501,69.28641714083847],[81.63763227740765,69.31044668236856],[81.61634158699474,69.33354604791174],[81.63329145673549,69.36424184828269],[81.6256433450643,69.40951040338251],[81.68496788915695,69.4465107291868],[81.78315311102745,69.42873403624674],[81.92939741415955,69.3493073592472],[81.90076867133712,69.31427073820402],[81.81002485466331,69.28507355370155],[81.76640994686159,69.25742666281025],[81.77219770655904,69.23290619576446],[81.84103071519542,69.19639679637504],[81.89322391065514,69.18267670416657],[82.25692264236613,69.15670929629698],[82.37133426266604,69.17190216685151],[82.44316450393876,69.16688955351003],[82.46776248624985,69.12443736389335],[82.49680464112134,69.11051056610972],[82.44874555896041,69.07661082572912],[82.33268029226167,69.06203807189951],[82.3289595892137,69.04648346613902],[82.37691531768792,69.01568431298071],[82.48068159368063,68.99514293140118],[82.53390831881393,68.92669749639239],[82.54589725115716,68.84029450129026],[82.59085574699509,68.81063222879445],[82.72924523288123,68.78923818649315],[82.7874328963112,68.79497427024637],[82.80345259006504,68.74179922105725],[83.01542931461114,68.68386994094513],[83.02814171736645,68.66139069302602],[82.86660118999305,68.62777517438474],[82.68242638506968,68.62991974629927],[82.60046756432666,68.60594188071332],[82.5358720226759,68.61074778937893],[82.52843061657973,68.59069733331529],[82.46889936691224,68.57664134432267],[82.6174174340673,68.53442169870237],[82.66609663295327,68.50403595579479],[82.70960818886687,68.41411896411896],[82.68656050016705,68.34528595638176],[82.70258019392088,68.30389313396097],[82.68056603399532,68.28275747317889],[82.57411258282957,68.25536896380663],[82.53060102691597,68.21981557882594],[82.54961795420519,68.1790945499736],[82.51261762930028,68.16669220648023],[82.43789350817906,68.18539907540702],[82.39458865784025,68.17661408127489],[82.36254927033252,68.09357005491421],[82.39221154192921,68.05724152357755],[82.3753650249759,67.95851369934775],[82.35355756972615,67.94350169504722],[82.05920861238769,67.94846263334381],[81.98820519431433,67.96226023991824],[81.93714887861802,67.9409178744603],[81.87710086501306,67.93285634984062],[81.77777876158063,67.95091726272162],[81.72558556522165,67.92381297508882],[81.73054650261906,67.90753489891648],[81.84681847489287,67.83389598341299],[81.89508426262876,67.7888341338882],[81.95306521958423,67.77601837834544],[82.0000907729709,67.74764801704231],[82.03368045408968,67.75255727849566],[82.10034305239014,67.72439362276748],[82.0871138847981,67.69002879529265],[82.11233198383411,67.68641144503215],[82.0491833839061,67.65457876220006],[82.10964480956045,67.60900014873795],[82.17331017432525,67.59037079507621],[82.25196170406934,67.55453319015459],[82.33795128802171,67.5631114769132],[82.35200727701425,67.53329417568577],[82.38900760281865,67.53419851325077],[82.3557279800624,67.4945368524937],[82.25413211530497,67.42619477027239],[82.25609581916672,67.40911570932263],[82.3284428243769,67.3642605662721],[82.29288943939605,67.35066966437356],[82.35252404185104,67.32798370998029],[82.28131391820273,67.30958690031514],[82.23242801284266,67.31093048835135],[82.26240034370096,67.2905699730259],[82.19294721923876,67.28850291637656],[82.18416222510655,67.25796214473718],[82.11729292213062,67.24380280205776],[82.7957011247072,66.97658397077362],[83.04178429610852,66.89100779887093],[83.03000206934007,66.86263743846706],[83.05759728428723,66.84475739184023],[83.11206424376985,66.84403392232775],[83.16188032421769,66.81798900009241],[83.17883019395845,66.75804433927493],[83.28373335241247,66.69375885688586],[83.2928284040076,66.66301138057077],[83.18141401634375,66.6233238804927],[83.10493289603653,66.61694183979404],[83.07806115060168,66.57888214769292],[83.09098025893184,66.45917369231205],[83.14244998577817,66.41480947477751],[83.26244266109995,66.38943634700985],[83.3435746604423,66.34158397132322],[83.4208826030499,66.26226064711116],[83.53012658127682,66.19776846004646],[83.52464887904262,66.1729637721603],[83.47018191866061,66.15410187450186],[83.38057498624676,66.1395291215718],[83.34543501241592,66.10196035408711],[83.29923628132929,66.07821503429642],[83.29613569500646,66.05831960696423],[83.37303022736307,65.98377635389562],[83.52123823435699,65.90832876236263],[83.51813764803421,65.82249420804135],[83.59234500521802,65.7754169787107],[83.7436535994342,65.80079010737762],[83.96503543483766,65.80265045845186],[84.03097456272587,65.79303864201967],[84.0741760602769,65.75298940673582],[84.1683305198377,65.70338003186293],[84.21049848771509,65.69201121714406],[84.31943240757954,65.68441478141713],[84.29090701664552,65.61315298092538],[84.2108085469768,65.60385122285564],[84.20460737523024,65.59248240813673],[84.42991662015584,65.55139964497761],[84.49833621584389,65.50380564991087],[84.55021935384025,65.43342235036127],[84.50681115071404,65.39450999573972],[84.58556603414524,65.31110423417311],[84.55466352730014,65.2434339464196],[84.52334760930478,65.21340993871772],[84.43828820223894,65.19922475941513],[84.38816206342847,65.17524689382921],[84.31281782378358,65.09845571605857],[84.33111128066116,65.05282542575276],[84.37793012937209,65.03220652890829],[84.38681847539232,64.99386261686624],[84.27891808520155,64.9403258333706],[84.27426720616677,64.919913642101],[84.31684858609356,64.89572907183918],[84.47012088417148,64.89019969276166],[84.81976362509135,64.93071401603905],[84.9201192572981,64.92787181303373],[84.96766157372264,64.89143992801039],[84.92756066339405,64.85144236956978],[84.94823123618266,64.81873118849359],[84.99442996637003,64.8089901799529],[85.09271854012854,64.81087637034824],[85.13168256979486,64.75653860117552],[85.18439253099064,64.75077667900058],[85.34810346870017,64.78312612577011],[85.43729699086362,64.79201447179054],[85.5149149918335,64.8250873889719],[85.6099996282802,64.82777456324555],[85.81846235535352,64.7843146841754],[85.85897667773145,64.75635773402217],[85.81195112524438,64.65631216107744],[85.83127811089616,64.63062897404797],[85.91602745959972,64.58848684369292],[85.84450727668957,64.50102448229399],[85.8508118021229,64.45022654901607],[85.9222286322456,64.41689525031552],[85.92532921677002,64.37601919183226],[85.95075402228025,64.32852855135167],[86.0280619648878,64.27979767472289],[86.01503950377025,64.22879303676928],[85.93421756368963,64.12275299675338],[85.96636030488435,64.09737986898583],[85.94817020079427,64.05335154913479],[85.67242475779636,63.991003933085125],[85.59966434143632,63.956303208826],[85.5335185079727,63.93671784075582],[85.4799817235778,63.893464667260616],[85.4279952327937,63.86674795235621],[85.37311486216112,63.808405260194604],[85.34097212096657,63.743603013868125],[85.33301395093315,63.700789089944635],[85.2694519389558,63.651463935012686],[85.16702925009986,63.59472321240639],[85.10212365098567,63.605936998393815],[85.03184370332428,63.58635163032355],[85.09674930243852,63.53415843396465],[85.18614953017686,63.5304377309165],[85.1991719912944,63.51059398132719],[85.2763765811145,63.52237620719629],[85.37786909398358,63.46651398373339],[85.39151167182638,63.42429433901265],[85.3615393409678,63.414940904099495],[85.4102185398537,63.353187568151725],[85.4954846542933,63.37478831602806],[85.64059207586376,63.37416819930297],[85.67211469943402,63.35975047510436],[85.6559916519933,63.334635728855744],[85.56049360529562,63.273166611949534],[85.53093468558734,63.26280548848251],[85.53558556462224,63.23252309836232],[85.50137576677821,63.21200755520462],[85.46943973205816,63.14919485116155],[85.53134809763674,63.09271251097357],[85.57899376774833,63.083333238538245],[85.58395470604484,63.05387767251665],[85.49941206291646,62.993106188499866],[85.51832563741823,62.932567247580465],[85.44432498580954,62.884327298266214],[85.32433230958839,62.869263618021535],[85.22521691263046,62.80123159416277],[85.1667191908382,62.747488105091975],[85.15586714095593,62.720047918876446],[85.0853804868201,62.673539130326645],[85.09003136585488,62.63798574534596],[84.9577396989281,62.59287221897776],[84.8900435727528,62.532850042895234],[84.91133426316566,62.49897614183544],[84.86089806509364,62.45122711893646],[84.78524376798549,62.41639720346825],[84.74555626790755,62.410351061352486],[84.45079389762031,62.1982709831195],[84.43570437985329,62.17796214553664],[84.55125288261445,62.001487128228405],[84.52014367109365,61.945056463984656],[84.54598188685469,61.902836819263854],[84.62721723808511,61.878807277733756],[84.68106408084276,61.81529694349922],[84.70462853437931,61.804548245505146],[84.82751509044903,61.786719875721644],[84.91908572762418,61.79653839772891],[85.00052778532915,61.78542796542834],[85.08682742674432,61.754163723377076],[85.17178348192209,61.70346914288666],[85.27265587806647,61.68259186542227],[85.38613732327894,61.6980947943394],[85.47956831332704,61.62786652352122],[85.72193077988157,61.57474315027625],[85.85401574123347,61.59505198785908],[85.9562317236153,61.550041816077],[85.9739050637678,61.50833893529369],[85.9504439639179,61.46472402569333],[85.77112674360438,61.44345917370197],[85.64389936686234,61.387596951138335],[85.63625125519121,61.36674551029719],[85.70208703029232,61.30618073185528],[85.67118452344721,61.28923086211461],[84.64809451734817,61.00072134131693],[84.62266971183783,61.000101222793205],[84.25959109865028,60.85551056605976],[84.35529585182218,60.79091502530824],[84.70834923742746,60.45894562454103],[84.78359012158694,60.37052724873365],[84.72261193199506,60.3061900912997],[84.67434614515861,60.23022573492983],[84.63186811712,60.20557607757394],[84.621326124701,60.17400177716024],[84.61057742670698,60.05917674391165],[84.60065555191227,60.03705923119861],[84.53512983607322,59.99039541301798],[84.53130578023769,59.974995835989034],[84.62225630068781,59.94424835877476],[84.69191613162434,59.90481924111509],[85.49631147659335,59.89159007442251],[85.96822065595859,59.9558755559122],[86.62544152180885,59.950036119371504],[87.08412153538058,59.882753404346204],[87.10251834504555,59.86699209301065],[87.16887088408413,59.715425117275345],[87.21362267524637,59.68503937436759],[87.491951938831,59.67361888280527],[87.55386030530894,59.64070099615412],[87.87838829998009,59.288991196786355],[87.93626590414829,59.26615021456075],[88.58594201021572,59.29865469006188],[88.62149539609578,59.29302195909625],[88.60030805936952,59.23245717975513],[88.62025516084702,59.198815822692126],[88.82582400897081,59.03453644510091],[88.79667850131187,59.0104552267274],[88.39959679585542,58.91785106077788],[88.38264692611483,58.908911037914095],[87.9322351418383,58.5261437038688],[87.91817915194628,58.49994375290191],[88.0142973162682,58.26827830749784],[88.01812137210362,58.2426467964126],[88.07279503806058,58.206783352170106],[88.1198205914472,58.122292384985656],[88.15568403479034,58.10653107454951],[88.68743452308473,58.03656118435126],[88.71544315008128,58.02886139583674],[88.85083540243193,57.96064850482472],[88.88194461485222,57.95692780177674],[89.32842898960615,57.9500031605175],[89.37741824685469,57.916878567392075],[89.39064741444668,57.87755280251983],[89.35437055905413,57.79629161196837],[89.38423953622566,57.66629954748623],[89.38041548128945,57.63715403892783],[89.26217980335525,57.59989533070495],[89.16678510944541,57.61581167346998],[89.0771781761319,57.514680894907514],[88.99945682237455,57.49473379253055],[88.94374962764317,57.45414195398803],[88.88855919774892,57.4489484734932],[88.86148074673918,57.431688544490726],[88.8051534361822,57.32337474225062],[88.73859419066946,57.23278595610708],[88.6475403183311,57.21165029622421],[88.53126834515808,57.1278827994517],[88.52961469875936,57.09584341104457],[88.63327762196468,57.08127065721513],[88.72236779223982,57.086386624243346],[88.72092085231543,57.05532908776726],[88.63823856026147,56.88676056634705],[88.62397586479426,56.83296540043284],[88.64195926330945,56.825213935075084],[88.64671349513168,56.749352932391986],[88.72112755699118,56.73165375381777],[88.73828413320621,56.7004153510876],[88.68040652903824,56.677264308700984],[88.66118289617384,56.63628489832951],[88.51669559132847,56.62656972910975],[88.50367313021076,56.5840141867053],[88.53684940017968,56.54543773156604],[88.60816287571612,56.5365235462248],[88.62500939266931,56.51662811979199],[88.59245324122412,56.443635159435075],[88.65095096211724,56.424463203414206],[88.73352990138392,56.375964870782184],[88.86148074673918,56.366327215928294],[88.91501753113437,56.34591502555804],[88.9131571800599,56.309819037318675],[89.04100467262748,56.30467723186882],[89.06033165917881,56.29697744425377],[89.05630089686906,56.2101093611582],[89.11521202981129,56.196621812946404],[89.11769249940937,56.147735908485345],[89.19872114506478,56.134558416837535],[89.22135542171543,56.095077623233806],[89.27561567562293,56.05378815449981],[89.24295617139035,56.04371124917489],[89.28729454960387,55.97916738526661],[89.31592329332534,55.961235662695685],[89.30734500476814,55.925785631401766],[89.3297725767431,55.9021695010216],[89.44335737474307,55.876021226898246],[89.43860314292078,55.84511872005288],[89.38206912588947,55.83328481734054],[89.38816694484865,55.79649119711104],[89.36284549392434,55.7725391708461],[89.27396203012353,55.76460683923426],[89.21680789636741,55.74238597283437],[89.1699890476566,55.70404205989317],[89.0615718926287,55.69285411232744],[88.87812055901657,55.62068797517006],[88.68226688011248,55.5160431991344],[88.60877351988205,55.445589632855274],[88.69094852055787,55.41098501194881],[88.75978152919424,55.34408987145048],[88.8222066587104,55.347474676814926],[88.87688032376803,55.30954417592301],[88.95015750496492,55.289080308709345],[88.96979454987866,55.23117686611948],[88.9660738459313,55.18477143035733],[89.06704959486285,55.13200979321749],[89.03790408720391,55.08413157820985],[89.14735477100584,55.076302599385514],[89.2007882017142,54.990390529799186],[89.34672244738306,54.999692287868754],[89.39168094322093,54.97364736653279],[89.42537397712738,54.98604971002612],[89.4471814305785,55.038552964747566],[89.55001753058463,55.04635610604947],[89.56727745958716,55.05803498003036],[89.6270154148296,55.0314732938574],[89.65781456888726,55.00307709413255],[89.72943810368565,55.03354035140609],[89.82576297358241,55.0487332219607],[89.90400109217671,55.08609528297106],[90.0069405458695,55.09808421531437],[90.0548962752431,55.08857575077039],[90.12920698431503,55.105215563047864],[90.14657026610496,55.13699656813708],[90.19586958171578,55.15141429323515],[90.23721072819257,55.10552562141032],[90.2288391461098,55.066277370904004],[90.26242882722858,55.049973456310056],[90.36588504395968,55.047027900517264],[90.4355448748961,55.01633209924705],[90.48267378107016,54.92781036975282],[90.44846398322625,54.89463410158254],[90.45828250523351,54.87075958878398],[90.68483198360934,54.90465932916476],[90.7234859558123,54.87125051519925],[90.7149076681543,54.83117544239289],[90.84048139759841,54.838875230907206],[90.91530887240668,54.79107453116481],[90.85495080043916,54.62674347583081],[90.96636518810294,54.5746536322593],[91.09472944460822,54.523804023037314],[91.15901492699743,54.487888901951294],[91.18671349473203,54.43884796785943],[91.20955447785684,54.33823395413367],[91.25172244663361,54.27482697178726],[91.31166710835043,54.22289215784684],[91.46390587765427,54.056545721807595],[91.46514611200354,53.96603445092927],[91.42163455608988,53.892989813728946],[91.36220665920996,53.85526601841201],[91.32654992144177,53.816663723052386],[91.33326785712597,53.75764923822183],[91.41346967958214,53.66791311280005],[91.47238081342374,53.567273261551776],[91.46969363825087,53.51389150678756],[91.55020551996881,53.47999176730636],[91.65283491439982,53.480766912762874],[91.74399214132427,53.44671214544914],[91.81861290875867,53.38738760045737],[91.84641482928089,53.35193756826425],[91.84124718630869,53.288272203499446],[91.78564334526425,53.23628571181624],[91.65986290934575,53.158486842793565],[91.57387332629298,53.12223582582274],[91.51196495981515,53.10621613206888],[91.4217379088775,53.1080764840425],[91.35114790195416,53.077484036459225],[91.40799197824731,52.947052721506],[91.39631310426631,52.86798777881299],[91.32644656775494,52.798741359925856],[91.24190392462663,52.747478339553766],[91.03798872290133,52.66019684530826],[90.99551069486262,52.60128571236572],[90.89918582586517,52.577204494891475],[90.79841678340784,52.5278018264932],[90.70033491432491,52.45819367150074],[90.62664432197789,52.38052399368735],[90.6061804538648,52.33256826431392],[90.528149041745,52.25712067278084],[90.47658916056139,52.18340084257483],[90.5817891780282,52.11180654653492],[90.68028445826121,52.089844062553425],[90.74363976376412,52.063437405112296],[90.77381880109681,51.99251150230407],[90.81391971232483,51.96310761222662],[90.83944786972347,51.91243887015784],[91.10051720610414,51.94272125937866],[91.1804089701979,51.89011465097036],[91.23890669109102,51.88231151056783],[91.28355512856638,51.89590241156702],[91.54307417223521,51.900915024908585],[91.61645470621977,51.86897899018828],[91.7332434433302,51.86360464074167],[91.77799523269391,51.87156281257376],[91.8941638530793,51.852804266803446],[91.92506635902544,51.8142019723432],[91.98666466714076,51.79360891392025],[92.10521040163877,51.783041083079524],[92.2085632673809,51.80634715419785],[92.42953169073496,51.8018513047939],[92.50539269431732,51.78143911442359],[92.54704389825724,51.80241974557484],[92.62011437387946,51.81073965081424],[92.67282433507506,51.83983348252923],[92.78206831330215,51.8504271508923],[92.84428673724307,51.83244375327655],[92.88593794118316,51.853837796477194],[92.9012341654244,51.895075589267066],[92.94639936683728,51.91688304271827],[92.99683556490942,51.916366278780856],[93.07455691866699,51.94525340402143],[93.15341515488558,52.02302643552167],[93.23444380144025,52.039976305262314],[93.36043094293365,52.12942820894472],[93.45603234331816,52.16663524032407],[93.54512251179449,52.17040762021554],[93.6780342963458,52.223841050923795],[93.67359012198648,52.26306346300842],[93.69725792831082,52.30776357732731],[93.76764122875977,52.37140310277104],[93.7558590028907,52.41550893788718],[93.77394575419316,52.44615306321336],[93.85187381442495,52.50320384418217],[93.98933312432428,52.58542104824278],[93.97817101428097,52.628596707372225],[94.07139529785479,52.66719900183256],[94.09723351361578,52.716162421558465],[94.13909142492935,52.761017563709714],[94.14126183526542,52.83176260026386],[94.29008995988386,52.89997549127588],[94.38569135936882,52.913721421906075],[94.43623091022835,52.89113882119969],[94.51229861938572,52.91082754205752],[94.52573449075419,52.95705210976715],[94.55880740793555,52.98317454726754],[94.60366255098609,53.055263170059334],[94.5878495628071,53.11252065750233],[94.60821007723337,53.137377021332554],[94.6041793149235,53.175772610217734],[94.70050418482026,53.24315867803071],[94.67600955619628,53.28005565014814],[94.59735802555247,53.28878896743686],[94.59446414570391,53.315660711972356],[94.67921349530661,53.34496124926221],[94.7398816256366,53.38273672142259],[94.88240522662,53.39379547777921],[94.9172351420882,53.38563060217061],[94.9756295101937,53.40500926376663],[95.04105187414473,53.37591543205164],[95.13975385905337,53.40146942787183],[95.17799441920715,53.43518830019997],[95.26036665199933,53.4563756369262],[95.29447309795506,53.43518830019997],[95.29385298123009,53.4038207062606],[95.3262024271005,53.38242666306013],[95.38087609305728,53.371884671540414],[95.48660607291197,53.400926826411876],[95.52939415931314,53.42464630778096],[95.62179161968749,53.44857249652347],[95.66240929575247,53.488440863754874],[95.76762251166963,53.519524237753416],[95.79428755062997,53.494822903554166],[95.86487755665394,53.48577952700364],[95.89981082580903,53.49430613871738],[95.95603478357833,53.47332550756613],[96.04832889206489,53.45374013949595],[96.10093549957361,53.45234487641497],[96.12594689303467,53.496993312991066],[96.18599490843837,53.51539012355542],[96.2157605328224,53.5478429231124],[96.24149539579594,53.61347199173912],[96.29554894412854,53.60949290627258],[96.29616906085352,53.58163930890703],[96.3463985533507,53.601793117758234],[96.37792117692084,53.59564362195562],[96.35466678264595,53.56102041296174],[96.41791873626073,53.543192044077614],[96.43435184116458,53.51301300674481],[96.47796674986569,53.53590566671312],[96.56457645144212,53.53440704994546],[96.64229780519952,53.54804962778809],[96.70038211494273,53.614918932562716],[96.68405236192694,53.638535061144154],[96.6440548025871,53.64303091144748],[96.61139529835441,53.67057444955128],[96.56829715359083,53.65013641985996],[96.50514855276344,53.684372057024916],[96.43683230986323,53.74377411638244],[96.40551639186799,53.78330658593029],[96.26226932227138,53.877693590386855],[96.2061487163902,53.92544261328604],[96.12594689303467,53.972364813885065],[96.05018924403839,53.99975332325735],[96.07933475079807,54.06274689445374],[96.05494347496148,54.087861639802895],[95.98435346893751,54.094011134706136],[95.93670779792649,54.119229233742175],[95.91903445777416,54.15566111876569],[95.85402550677179,54.17093150548473],[95.81278771398183,54.20072296829048],[95.67822228393135,54.23415761977833],[95.65310753768279,54.28185496673345],[95.66675011642468,54.33541758955016],[95.71666954966014,54.38794668179395],[95.79738813695309,54.41750560240166],[95.89691694506092,54.38934194577422],[95.9811495298269,54.45161204745813],[96.01711632685704,54.49982615835057],[96.03882042842008,54.558168850512004],[96.07489057823761,54.57341339791003],[96.11705854701438,54.55599844017593],[96.22103152858216,54.54271759753908],[96.351359490748,54.56194123040348],[96.43548872272646,54.525509345380044],[96.49501997329321,54.5105231804005],[96.57284467983811,54.518377996747176],[96.5518640477876,54.58049306880011],[96.58679731604337,54.65888621702533],[96.5648865089052,54.696868394760685],[96.67258019442039,54.80593150493496],[96.7065832866893,54.86507518187409],[96.71185428334854,54.92657013630284],[96.68208865806514,54.958971259016494],[96.58617719931829,55.0191226263081],[96.63392622311676,55.04041331582201],[96.68467247865203,55.08490672546503],[96.65656049976741,55.103665270335966],[96.67526736869411,55.12443919501291],[96.70193240765445,55.20779328153475],[96.7065832866893,55.258694565801676],[96.78161746617309,55.28324087216865],[96.88652062372785,55.30168935777766],[96.9180432472981,55.32951711672169],[96.88114627518041,55.41183767446924],[96.8431124206017,55.441396593278114],[96.84983035718528,55.48105825493465],[96.81996137911437,55.55759105118608],[96.85510135294504,55.58353261973457],[96.82202843576368,55.61676056654693],[96.75278201687655,55.65071198197239],[96.81706749926565,55.69443024436032],[96.76012007018505,55.74608083836],[96.786475050783,55.78483816245134],[96.84342247896427,55.81995229786037],[96.88000939271933,55.82542999919522],[96.96000450960042,55.860931708231846],[96.97220014931747,55.8902322455217],[96.98646284388519,56.018338121407226],[97.05705284990916,56.03115387605061],[97.12526574092124,56.101743882973864],[97.18324669787683,56.104534410035],[97.26241499155867,56.0884630403371],[97.35191857298378,56.05120433211434],[97.41341352741233,56.0872744819319],[97.44018191916035,56.14675405475583],[97.48276329998629,56.172747301047224],[97.56492882720357,56.18959381800039],[97.58590945835476,56.20819733324032],[97.58766645664161,56.25749664975058],[97.56730594311477,56.29268830042477],[97.5581075378326,56.35769725232632],[97.59138715968965,56.38668773125383],[97.84067427020148,56.39314728541899],[97.88180871020381,56.42694367121345],[97.8802584165926,56.53063243284058],[97.86816613236124,56.55484284152391],[97.7623327979203,56.559131985352906],[97.77349490796377,56.60124827728623],[97.75509809829856,56.63863617581893],[97.7820731947221,56.66320831970825],[97.75148074713871,56.71674510410335],[97.77556196461308,56.7670779493879],[97.76533003055647,56.787955226852205],[97.7015613139036,56.804440009498876],[97.63882612512566,56.80686880135417],[97.54663537032616,56.79338125314237],[97.46850060361993,56.827436022254574],[97.49588911299224,56.89973134972206],[97.60564985605595,56.935517280498175],[97.60792361917964,56.9607095402132],[97.48875776615813,56.96370677284932],[97.4398718607979,57.004582831332584],[97.34850792829832,57.04801687288034],[97.40752241402816,57.13312795678985],[97.93400190566337,57.8113036162689],[97.98671186685914,57.821897285531435],[98.54616092288848,57.79135651299268],[98.62956668535418,57.77781728793752],[98.73229943167348,57.79226085145723],[98.7752942236495,57.78794586920651],[98.79513797413824,57.753322659313255],[98.88825890492467,57.72130910932802],[98.96163943890906,57.723298652510834],[99.07987511594388,57.77042755778564],[99.20978966695964,57.766345120431],[99.33081587105562,57.79797109588938],[99.41091434072428,57.795542304034086],[99.47013553292857,57.860344550360765],[99.49752404230077,57.929022529366335],[99.53721154237883,57.945558987057666],[99.61803348156002,58.00095612252713],[99.64025434795985,58.04573375121171],[99.70278283116278,58.08570547123051],[99.79352664603795,58.06250275289983],[99.84737348789633,58.07195953970103],[100.01728559825182,58.081468004245096],[100.06493126836335,58.070951850247724],[100.07940066940546,58.04508779606499],[100.07702355259494,57.961165270560855],[100.1165043479973,57.916568509029446],[100.12932010264069,57.86680410452584],[100.27535770109705,57.804844062103825],[100.27039676280032,57.76332204937316],[100.31101443886541,57.75642324473705],[100.3663082206478,57.72696767781619],[100.33251183485345,57.694256496739996],[100.36300092964922,57.669787706537534],[100.3601070498006,57.64175324201847],[100.3919397317332,57.603305976289846],[100.4187081243806,57.54175934501788],[100.63771284387263,57.47664704032866],[100.71564090410442,57.41287832277635],[100.74881717317407,57.403240667922546],[100.79274214113696,57.41928620099739],[100.83584028500121,57.45848277376098],[100.91139122932174,57.45150645655778],[100.95779666508406,57.498299465947696],[100.94291385289205,57.51121857427785],[100.95531619728467,57.55529857007292],[100.82695193898076,57.6264570177772],[100.80142378068302,57.673017483170355],[100.88462283667468,57.76967824985147],[100.84565880700836,57.80381053332954],[100.84565880700836,57.845461738168694],[100.81816694484871,57.88664785411524],[100.91356163875872,57.867114162888384],[100.97050906783926,57.870473130730375],[101.03024702398102,57.89760325858364],[101.03086714070605,57.91946238887817],[101.13732059097259,57.98537567834484],[101.15861128138562,58.05976390178273],[101.11406619669759,58.084930324874676],[101.11148237521161,58.11020009985475],[101.20791059789576,58.14187775305584],[101.29762088399661,58.21928904935021],[101.38216352712504,58.22316478112981],[101.47662804594756,58.21773875573905],[101.53088829985512,58.22530935304428],[101.56489139212408,58.28786367556822],[101.64199262915656,58.35070221623431],[101.67847619012406,58.406667792484626],[101.77356082567167,58.45327993382199],[101.92249230307738,58.46573395415871],[102.0011438328217,58.49534454981119],[102.16165083231999,58.51560171234917],[102.19792768771259,58.528107407730715],[102.26479699068852,58.57389272676798],[102.31109907366329,58.64233816177676],[102.40401329977396,58.6614842802754],[102.51966515532274,58.727888496157306],[102.56493371042257,58.802121689964],[102.53527143792655,58.85573598872497],[102.53733849457592,58.896586208786516],[102.43863650876784,58.94374095338233],[102.44866173724944,58.99831126655181],[102.4070105333094,59.067402655808024],[102.42540734297444,59.11711538436748],[102.45486290899623,59.15313385734163],[102.5218355647595,59.18605174399289],[102.58849816305974,59.203053290576975],[102.75934044760356,59.19943594031639],[102.83974897743337,59.2193313667492],[102.87199506961684,59.264909980211485],[103.01741255134823,59.31632803021441],[103.0495552916434,59.2763304708746],[103.15290815558689,59.26175771794436],[103.2393111506891,59.28361684823892],[103.32437055865432,59.260104072445074],[103.34049360609498,59.23214712229196],[103.23869103396402,59.222948717009785],[103.24602908727257,59.18005727782116],[103.29222781835915,59.139155381815385],[103.33470584459906,59.072570298780306],[103.37522016787648,59.034123033051515],[103.47722944468319,59.00577851017019],[103.58223595592472,58.96017405918556],[103.5859566589728,58.925034085354895],[103.61386193228242,58.91232168170035],[103.69292687407608,58.9232254102246],[103.79400597489592,58.89767141440433],[103.88950402159332,58.90260651337985],[103.94893191937257,58.84844961225977],[103.94872521379762,58.77388051987015],[103.87152062397769,58.744528307535404],[103.88764367141835,58.73057567043088],[103.97394331283374,58.732410183083516],[104.0154911639861,58.74375316028022],[104.04680708198134,58.77181346322084],[104.17796186734643,58.76659414340503],[104.22012983612319,58.75796417890379],[104.29867801307978,58.71326406548434],[104.37381554625051,58.71326406548434],[104.3982068220871,58.6968309605804],[104.39396935420234,58.665489204163464],[104.45815148290467,58.60226308897049],[104.54011030544632,58.63329478612559],[104.58992638589399,58.61724925394995],[104.63230106024582,58.64711823202083],[104.78671023988568,58.66626435051947],[104.87249311736366,58.71853506124404],[104.86701541512946,58.73538157819729],[104.75911502493858,58.82049266210663],[104.83942020108145,58.893614814572004],[104.89233686695286,58.904983629291166],[104.9482507672592,58.95862376647375],[105.04633263634219,58.97836416327556],[105.092324660055,58.998879706433286],[105.13490603998173,59.03815379536141],[105.23743208162546,59.060090440021895],[105.2912789252822,59.061356512792884],[105.35349734922329,59.10791697908533],[105.30574832632425,59.14424551042208],[105.32900271969987,59.1964903845236],[105.28807498617164,59.26423818574369],[105.24042931516084,59.27684723571139],[105.18875288273944,59.31544953107101],[105.24146284393504,59.35338003196301],[105.21314415857614,59.384850978689855],[105.2253397973937,59.42929271148955],[105.18131147664332,59.472313340987995],[105.11692264236615,59.45709463201166],[104.98566450421356,59.461125393422265],[104.88324181535745,59.52535919896792],[104.85916059788349,59.556675116963135],[104.86629194471743,59.59393382428655],[104.81006798694807,59.6291254749608],[104.79880252501653,59.6908788109084],[104.8925435734273,59.74999665032519],[105.00488813707796,59.765654608873234],[105.03217329276333,59.80472199222612],[105.02442182830475,59.834694322185214],[105.07837202384985,59.83639964542738],[105.1195064638523,59.85283275033126],[105.18637576682812,59.858465481297],[105.29024539560862,59.84931875285815],[105.37716515464814,59.821671861067585],[105.49054324797271,59.84523631550368],[105.43473270135314,59.88962637056059],[105.45405968610572,59.9649706084069],[105.4885795432113,59.99990387576332],[105.48475548737588,60.021918037487524],[105.4277047064071,60.095091864997585],[105.42377729688474,60.122945462363305],[105.47349002544428,60.18588735581682],[105.47576378766877,60.25386770283225],[105.45157921830628,60.26872467750195],[105.37819868432189,60.251206366980284],[105.32125125524118,60.295493069249886],[105.27453576111657,60.29761180274261],[105.22058556467209,60.276217760441426],[105.15061567627248,60.277354641103926],[105.09036095619331,60.29135895505169],[104.99537967343326,60.28417593047487],[104.8892362806298,60.30169424099637],[104.85016889907547,60.334508774860154],[104.77069054613185,60.378511258088196],[104.65586551288317,60.409077867249835],[104.67157514917375,60.424890856328005],[104.63240441303321,60.50323232681052],[104.56553510915802,60.548423367544416],[104.5514791201652,60.620486151914406],[104.5231604348063,60.64490326617289],[104.55892052626143,60.707483426219255],[104.59447391214127,60.73515615553228],[104.56956587056845,60.768125719026784],[104.50662397711494,60.7834736192122],[104.45970177561657,60.838767401894074],[104.50166303881826,60.859696357101285],[104.58279503816061,60.869566555052586],[104.62858035719773,60.89000458384453],[104.62299930217614,60.91307811096601],[104.57690392477639,60.934058743016635],[104.57111616417961,60.95483266949222],[104.61090701704518,60.97633006548017],[104.60015831905127,61.00123810525446],[104.63519494009438,61.03637807908521],[104.60480919808617,61.06454173391393],[104.6305440610596,61.08025137020468],[104.7097123556407,61.090276597786726],[104.74247521356034,61.12024892774582],[104.83662967312085,61.176162828052156],[104.99155561669846,61.17458669691854],[105.00457807781618,61.197556871252715],[104.93037072063225,61.31450063709468],[104.90215538896001,61.32860830293083],[104.83104861899852,61.33165721330977],[104.78898400300926,61.34840037747546],[104.90401574093363,61.36754649507472],[104.95724246606699,61.39831981071069],[105.10493371002269,61.41700084121595],[105.25324506980411,61.41992055948623],[105.2806335800758,61.436095282871065],[105.28321740066258,61.475808621370845],[105.34698611911415,61.504566555402306],[105.36744998632776,61.52983633128173],[105.55017785042753,61.56626821630519],[105.6111560400193,61.61112335935553],[105.71760949118516,61.64962230102839],[105.79936160725231,61.61985667574507],[105.8765661970724,61.67628733998882],[105.94136844339903,61.685382392483405],[105.93981814978781,61.7415805118311],[105.8863847190795,61.8109819612485],[105.90219770725844,61.8348823115694],[106.03593631410956,61.898754381009894],[106.06146447060894,61.931930650079465],[106.14166629396436,61.95242035571482],[106.21814741427181,62.0031666121495],[106.40387251190691,62.03073598957431],[106.38929975807741,62.06277537708209],[106.40573286298138,62.08385936102064],[106.37514041539782,62.10323802441533],[106.44252648321071,62.184783434008324],[106.43642866425148,62.24090403899015],[106.34093061665459,62.25103262025931],[106.3362797376198,62.271909899522285],[106.39725792811083,62.31433624891878],[106.47911339696577,62.32852143002009],[106.42247602714696,62.364152330265824],[106.43601525310157,62.38663157818476],[106.51559695793338,62.37428091153481],[106.54319217288048,62.380068671232294],[106.71393110643544,62.48755565027315],[106.6611177915529,62.529155178268894],[106.72571333230462,62.587704576005365],[106.79692345595276,62.60176056589748],[106.5916646670907,62.65139577919189],[106.49482303325635,62.691884264047644],[106.52520877526473,62.74133860928936],[106.45988976410138,62.79167145547336],[106.43487837064043,62.846706854837464],[106.31126834505824,62.88102000636826],[106.21297977129956,62.90091543190172],[106.21018924423828,62.94504710633896],[106.16678104021287,62.956881009051386],[106.18404096921529,62.98530304629858],[106.12564660021053,63.04824494155082],[106.13515506385511,63.068812161552046],[106.29245812424313,63.071551011769884],[106.40325239518182,63.113305569396516],[106.38960981733925,63.13764516928916],[106.4212357927978,63.203015856396775],[106.36180789591776,63.220895901224964],[106.36831912602679,63.27239146649302],[106.43756554581336,63.31995962223874],[106.46857140544614,63.32724599870386],[106.50660525912554,63.30471507394151],[106.66142784991541,63.296653551120585],[106.68643924427579,63.305025133203344],[106.7252999211546,63.3749691840807],[106.65181603438242,63.400419827113296],[106.57275109258887,63.46387848630323],[106.51683719318191,63.482998766380064],[106.53130659422413,63.52986929013565],[106.59507531087695,63.535243639582376],[106.61140506389273,63.563303940724325],[106.67021284404757,63.605523587243795],[106.69140018077383,63.63632274040222],[106.63135216716887,63.67673370999276],[106.62949181519525,63.696784166056375],[106.7007019388434,63.772593491896146],[106.79340945758037,63.84238251404179],[106.77987023342462,63.8609601908602],[106.70039187958167,63.90783071641454],[106.67992801326727,63.93062002179653],[106.70101199810529,63.97811066407587],[106.76436730270893,63.9956806505416],[106.81914432235254,63.973408108197674],[106.8484965346874,63.97718048808906],[106.97644738184124,63.93956004555969],[107.05261844288702,63.89175934491789],[107.08093712824581,63.88783193629487],[107.14191531783774,63.91051788978885],[107.20237674439119,63.956871650506315],[107.30758996030852,63.94364248291424],[107.32484988841173,63.90907094986443],[107.37249555942248,63.86550771800677],[107.46230919831083,63.871011257763314],[107.5502624861249,63.85700694381538],[107.59656456909966,63.87734162071928],[107.62126590419825,63.91925120707765],[107.61888878828711,63.94834503879247],[107.67976362509131,63.989221096376525],[107.79396853981632,64.00668773095407],[107.84244103402665,63.98612051095293],[107.96088341663642,63.9999697943706],[108.01834760875522,63.9884976259647],[108.11684288898823,63.98291657184228],[108.16820926304717,64.00002147121396],[108.26288048744448,63.99588735611667],[108.32013797398827,64.03903717682422],[108.25791955004729,64.12879913976852],[108.22360639941587,64.2033682321582],[108.1614913273628,64.23804311799552],[108.02651248616235,64.22352204011014],[107.9940596857059,64.1786668970596],[107.96770470600757,64.16988190382682],[107.85567020071915,64.18161245375177],[107.80492394428455,64.20807078713722],[107.68637820798801,64.23980011718174],[107.63986941943836,64.28543040568871],[107.56969282366504,64.29860789733672],[107.3675346211258,64.25060049111977],[107.31751183510306,64.2512981231099],[107.23875695167214,64.28744578729334],[107.23544965977419,64.32330923153594],[107.20878462081356,64.33276601833705],[107.09685346921219,64.33984569012648],[107.04331668481734,64.36674327308367],[106.87743533677155,64.41379466399263],[106.73532514873682,64.41860057175904],[106.68199506991675,64.48355784771647],[106.6402405131891,64.50614044932232],[106.58153608582165,64.51068797556971],[106.56717003756728,64.49621857452757],[106.59424848767765,64.45797801437394],[106.5743013862002,64.44345693648856],[106.39519087056237,64.44257843734499],[106.33483279769541,64.42810903630294],[106.26393273330916,64.42521515645439],[106.2036780132297,64.40258087800512],[106.13401818229329,64.40438955313539],[106.06890587760415,64.42154612935047],[106.07955122281089,64.4432502309134],[106.12275272036186,64.44970978507848],[106.13184777195727,64.48081899749872],[106.01578250525836,64.51396942814665],[105.94147179618642,64.48826040269549],[105.80649295498597,64.47994049745597],[105.80287560382612,64.5301183131098],[105.72629113163055,64.57647207292788],[105.74644493958237,64.61409251635664],[105.70779096917806,64.65269481081688],[105.7284615419668,64.66814606378978],[105.77838097520203,64.64985260691236],[105.84297651595364,64.64483999357091],[105.87894331298355,64.66995473892007],[105.83749881371944,64.71356964852043],[105.83191775869756,64.75961334907689],[105.88008019364622,64.81526886696463],[105.95821496035228,64.80958445915556],[106.00668745276391,64.81878286443774],[105.94612267522126,64.88350759549917],[105.95914513633909,64.89712433492008],[106.03810672444581,64.90358388908516],[106.10693973218292,64.86058909800852],[106.19427290237275,64.84973704722705],[106.22021447092106,64.857178453323],[106.19096561137388,64.88156972915979],[106.12275272036186,64.90482412433397],[106.09743126763908,64.94342641879422],[105.9727877141816,65.01179433943733],[106.02663455604,65.0501899283226],[106.15603234311811,65.08672516523416],[106.19489301999693,65.12736867882154],[106.28150271977483,65.13679962810042],[106.37390018104873,65.2041856959132],[106.41431115063926,65.21477936517562],[106.50350467280248,65.20826813416704],[106.45368859325396,65.23296946926564],[106.42464643838252,65.27157176372597],[106.45141483013049,65.31314545419946],[106.53451053333458,65.34898305912088],[106.55797163318448,65.3768366564866],[106.63527957579197,65.39290802708388],[106.7876216978832,65.37115224957671],[106.8355774272564,65.37830943483254],[106.87743533677155,65.4406053740388],[106.9429610526106,65.48210154924715],[106.93996381997431,65.5112470569062],[106.71310428323602,65.5489191762791],[106.71145063683753,65.59129384973136],[106.63662316292863,65.60886383709646],[106.63093875511947,65.63480540654433],[106.43952924967527,65.66172882792316],[106.41710167770043,65.70146800394525],[106.462060175337,65.72989004209182],[106.45027794766918,65.77856924097773],[106.45513553317846,65.83153758369252],[106.47787316261633,65.84523183927803],[106.46815799429612,65.93204824553018],[106.48335086485054,65.9538815383024],[106.4712585797198,66.0073924833764],[106.41193403472812,66.08144481092941],[106.33038862513513,66.15446360880856],[106.23613081278688,66.14955434825467],[106.17132856735964,66.15921784153011],[106.11655154771574,66.19864695918977],[106.13928917805322,66.25378571224081],[106.1196521340388,66.31517731388197],[106.09939497329958,66.33755320901349],[106.10332238192234,66.37832591380982],[106.18621137865227,66.43336131497267],[106.24450239486964,66.4397691922945],[106.32191369026464,66.47888825069225],[106.29803917836546,66.50126414672306],[106.29803917836546,66.55857331011026],[106.24935997858029,66.5814659700784],[106.23323693203895,66.66621531788257],[106.24687951078073,66.70220795423376],[106.16388716036414,66.7211990422021],[106.14021935404014,66.75197235783799],[106.18724490832585,66.78269399752992],[106.14797081939798,66.80798961003254],[106.04740848161617,66.78899852206419],[105.99562869730647,66.79726675135953],[106.00110639864141,66.81607697217456],[106.07262658065213,66.86289581998608],[106.04368777856814,66.90077464493405],[105.91201622926565,66.90997305021622],[105.80690636613599,66.94687002233366],[105.68670698434005,66.93948029218177],[105.56165001793408,66.99939911637608],[105.54015262284531,67.02340281768599],[105.89382612517551,67.04365998022396],[105.96813683514682,67.06340037702586],[106.00172651626588,67.08567291936981],[106.05474653492462,67.16716665301857],[106.14487023307493,67.18272125877905],[106.2203178237088,67.18380646439687],[106.31664269360556,67.20943797548227],[106.40418257026937,67.2626646997162],[106.49234256365855,67.28382619892008],[106.58453331935732,67.27387848570362],[106.65553673743068,67.24416453726354],[106.68519900902697,67.25393138332674],[106.80240115818697,67.34824087251826],[106.80333133327451,67.40141592080812],[106.82048790859028,67.49066111891545],[106.83289025298274,67.67344065985867],[106.8751615736478,67.8396320671662],[106.88074262866951,68.01290314446462],[106.89562544176067,68.1426109890059],[106.87702192562153,68.31324656797477],[106.87795210160834,68.37556834650195],[106.89314497306214,68.44352285419637],[106.89128462108852,68.85538401995666],[106.88549686139106,68.86546092438223],[106.15293175679511,69.39113943123971],[106.15530887270643,69.42801056583505],[106.27406131367889,69.45477895848217],[106.31695275286722,69.50077098309447],[106.4268168478194,69.56391958302231],[106.51239301972225,69.56309275982306],[106.60437706894663,69.51720408799835],[106.83857465989274,69.51823761677264],[106.9484387548448,69.5381847200488],[107.12372521374778,69.58750987408138],[107.7845634298584,69.68427399444926],[107.89277387931111,69.67771108749679],[108.00728885329806,69.70499624318214],[108.02361860631379,69.7567760283911],[108.14867557182015,69.82478221292877],[108.29057905517936,69.85676992539169],[108.47403038879145,69.85382436780043],[108.59836388568476,69.836641954063],[108.87100874235966,69.84028514274519],[108.94097863165854,69.78922882794808],[109.04495161322643,69.77302826614152],[109.12949425725435,69.7677831079042],[109.23698123629515,69.7758963084679],[109.35976443867798,69.8382180851965],[109.41185428314867,69.88705231371341],[109.38074506982906,69.91423411751063],[109.43624555898555,69.97862295178791],[109.49567345586524,70.00606313710415],[109.49567345586524,70.0435285509019],[109.44141320195786,70.04378693332029],[109.35800744039113,70.0690050323563],[109.3461218608353,70.1177359080857],[109.27098432766456,70.17623362897876],[109.27739220588558,70.20651601819978],[109.3591443219529,70.22984792773966],[109.53546430873098,70.26398021121781],[109.59220503133724,70.30764679586304],[109.59654585200951,70.3278522815576],[109.55375776560845,70.35431061494296],[109.60150678940693,70.37818512594276],[109.69380089699376,70.38433462174538],[109.81813439298782,70.40479848895905],[109.88241987537708,70.40236969710378],[109.99548790943948,70.41694245093339],[110.06256391799059,70.41146474869919],[110.14255903487162,70.42076650676893],[110.2397107279678,70.41844106680185],[110.27485070179864,70.44314240190027],[110.23692020090664,70.45957550680433],[110.1167208191107,70.47802399421201],[110.11682417189809,70.52251740205656],[110.06421756438908,70.54861400023597],[110.13315392491364,70.56432363652664],[110.10276818200595,70.6319164090151],[110.18917117710828,70.66524770771548],[110.24250125502897,70.6723273795049],[110.31081749882856,70.70273895903574],[110.42770958872666,70.70785492606399],[110.48899783668094,70.72601919173238],[110.4789726099981,70.76984080690778],[110.53943403475307,70.80063996006612],[110.65591271440042,70.8003815785471],[110.70045779818895,70.8120604525279],[110.79895307842196,70.80074331285371],[110.90282270720218,70.8079004990089],[110.98333458892023,70.8340229365094],[111.0721146990341,70.84797557181528],[111.33494103370185,70.8553136260231],[111.39281863786994,70.89055695354062],[111.52242312962392,70.93861603480224],[111.95330122267325,70.98228262034667],[112.00642459501898,71.00256562040715],[112.02657840387019,71.04225312048521],[112.0763944852174,71.06124420845356],[112.14150678900717,71.05034048082848],[112.18036746588598,71.01328847908013],[112.21757449816471,70.99977509244664],[112.27669233578285,71.01272003919848],[112.33849734857392,71.04853180569839],[112.39978559832673,71.06460317719484],[112.45394249944673,71.06387970588372],[112.55553836510353,71.09664256470262],[112.57930952421532,71.11369578723085],[112.52267215439645,71.14449494128854],[112.5531612491925,71.17772288720153],[112.69485802607721,71.21733287201454],[112.70943077990671,71.24288686783473],[112.62819542867601,71.28758698215353],[112.5131636898526,71.26794993813911],[112.40877729713463,71.29929169455605],[112.34077111169768,71.33419912439021],[112.0046675958331,71.4049699984667],[111.9969161322739,71.4135741245463],[111.99608930907448,72.13272919439675],[111.81708214712336,72.13166982720082],[111.74184126206455,72.1582831902171],[111.71445275269235,72.20618724184772],[111.61430382696005,72.21830536629963],[111.64717003766725,72.25491811847633],[111.64282921789402,72.27445180880397],[111.53668582599028,72.31899689439115],[111.41720991370653,72.31447520656548],[111.33669803288808,72.32039215837142],[111.30300499898158,72.33387970748251],[111.08524051293932,72.36958812119491],[111.05671512290473,72.380595200708],[111.06570682171264,72.40948232684792],[111.16709598179432,72.43718089548202],[111.19076378811826,72.45666290986546],[111.28099083905602,72.47826365774159],[111.28884565630199,72.51045807577967],[111.21029747934529,72.5445128448919],[111.00958621583118,72.57407176370094],[110.928970982225,72.57112620700889],[110.88060184080246,72.58016958355952],[110.88525271983724,72.63246613180661],[110.75306440569796,72.63944245080847],[110.70169803343765,72.65044953122094],[110.65994347491164,72.68527944578977],[110.61064415930059,72.7810358749058],[110.67968387261283,72.81317861610034],[110.69208621610619,72.83539948250015],[110.63059126167735,72.86165110941127],[110.62738732256707,72.89451732011827],[110.73632124243147,72.9125007195326],[110.83729699136302,72.94510854782132],[110.80081343039569,72.95389354105419],[110.75771528473274,72.98722483975456],[110.7797294446583,73.00861888295503],[110.90406294155162,73.03239004206682],[110.89228071478317,73.05623871554428],[110.83998416473742,73.07621165634288],[110.78086632711927,73.16638703133648],[110.75492475767157,73.17524953893502],[110.4244022968287,73.18375031222726],[110.40920942627417,73.20845164732566],[110.5707499527482,73.25253164312093],[110.5948311711216,73.27981679970563],[110.50584435363419,73.32560211874278],[110.4036283712523,73.33407705451248],[110.1845202980735,73.38311798770496],[110.16808719316953,73.40099803343253],[110.52310428263661,73.40412445727793],[110.61591515506052,73.43350250893366],[110.7209216654025,73.49851146083523],[110.77435509611087,73.51008698202861],[110.81786665202446,73.55894704896713],[110.85497033061631,73.56822296771588],[110.98829552631764,73.56527741192309],[111.07304487502091,73.58289907523209],[111.12296430915552,73.62036448813063],[111.1105619647629,73.64108673776269],[110.90718896428143,73.69185247353872]]],[[[107.64258873800003,78.16449616100016],[107.56511478000027,78.18756745000022],[107.33790123800009,78.1907412780001],[107.27173912900025,78.16746653900017],[107.21412194100003,78.17194245000013],[106.93628991000003,78.17194245000013],[106.90211022200003,78.17877838700016],[106.47706139400009,78.16250234600011],[106.39503014400009,78.13092682500013],[107.20386803500026,78.08250560100004],[107.39063561300009,78.1024844420001],[107.4345809250002,78.09080638200012],[107.45101972700007,78.05316803600013],[107.57357832100013,78.06757233300019],[107.7041121750002,78.12348053600007],[107.64258873800003,78.16449616100016]]],[[[93.86839950400031,78.1470896850002],[93.91486798600022,78.16899167000014],[93.79272336600013,78.20302473900017],[93.69668947300005,78.2032859090001],[93.59956353600006,78.18767964700018],[93.62907962300028,78.1570498720001],[93.80767323100031,78.14311167200006],[93.86839950400031,78.1470896850002]]],[[[106.74878991000003,78.29881419500018],[106.7656356130002,78.30849844000014],[106.60523522200003,78.3414981140001],[106.47006269600013,78.34259674700013],[106.41724694100014,78.32819245000007],[106.38892662900025,78.28864166900013],[106.3379012380002,78.2658552100001],[106.27914472700007,78.26080963700008],[106.06885826900003,78.2705752620002],[106.02564537900025,78.25702545800004],[105.99097741000026,78.21914297100011],[106.1938582690002,78.19306061400005],[106.50033613400012,78.24144114800015],[106.5322371750002,78.25385163000018],[106.4502059250002,78.26129791900016],[106.62094160200007,78.28603750200014],[106.65992272200026,78.26365794500012],[106.73308353000004,78.2658552100001],[106.74878991000003,78.29881419500018]]],[[[92.65992272200009,79.09178294500015],[92.45679772200003,79.11041901200014],[92.21338951900003,79.13955312700011],[92.17562910200024,79.13084544500003],[92.24219811300009,79.11522044500006],[92.51661217500009,79.08038971600018],[92.72437584700026,79.07684967700013],[92.65992272200009,79.09178294500015]]],[[[102.92994225400025,79.27570221600018],[103.06397545700008,79.28172435100012],[103.15316816500012,79.30963776200014],[103.13835696700005,79.32514069200016],[102.94434655000003,79.34121328300014],[102.89372806100016,79.38133372600015],[102.75220787900008,79.38882070500011],[102.60572350400008,79.41718170800016],[102.49927819100014,79.41819896000013],[102.40154056100016,79.43195221600013],[102.30290774800028,79.43280670800004],[102.23764082100007,79.42145416900007],[102.18051191500012,79.39899323100008],[102.13965905000009,79.35683828300012],[102.17465254000024,79.28681061400013],[102.26319420700008,79.25438060100004],[102.24626712300028,79.24164459800016],[102.05054772200026,79.26121653900015],[101.96078535200024,79.26121653900015],[101.96461022200026,79.29230377800016],[101.88900800900007,79.32721588700008],[101.81755618600027,79.37103913000004],[101.64673912900014,79.36424388200012],[101.54371178500026,79.34076569200005],[101.52947024800017,79.30219147300016],[101.56364993600016,79.2959658870002],[101.5410262380002,79.27399323100019],[101.55738366000003,79.25438060100004],[101.49756920700008,79.24022044500012],[101.37061608200003,79.24510325700018],[101.30990644600007,79.23875560100015],[101.19418379000024,79.20286692900015],[101.12598717500003,79.16502513200012],[101.19564863400024,79.14716217700007],[101.06169681100005,79.13735586100012],[101.02808678500003,79.12348053600013],[100.98812910200024,79.0626488300002],[101.22673587300005,79.04360586100012],[101.37777754000007,79.00787995000007],[101.58375084700003,78.98672109600017],[101.59164472700007,78.97699616100013],[101.07007897200026,79.03465403900009],[101.02711022200015,79.03143952000013],[100.8911238940002,78.97687409100016],[100.87826582100007,78.94594961100012],[100.78492272200026,78.89508698100008],[100.7822371750002,78.86334870000013],[100.83277428500003,78.83152903900009],[100.8237410820002,78.80878327000008],[100.90430748800003,78.78839752800008],[101.08220462300028,78.78595612200013],[101.16635175900012,78.76097239800004],[101.03093509200016,78.74339427300009],[100.99398847700007,78.76406484600011],[100.7338973320002,78.77562083500004],[100.63648522200015,78.79694245000019],[100.56690514400003,78.79490794500018],[100.40162194100026,78.75751373900013],[100.37077884200005,78.74433014500016],[100.33130944100026,78.69358958500013],[100.25464928500003,78.66535065300016],[100.25464928500003,78.62376536700017],[100.28858483200003,78.59267812700017],[100.13111412900008,78.5009219420001],[100.1504012380002,78.48676178600019],[100.07504316500024,78.43829987200019],[100.00074303500026,78.41771067900015],[99.99805748800009,78.38483307500007],[100.04965254000024,78.34320709800011],[99.96876061300009,78.33441803600005],[99.8022567070002,78.27073802300018],[99.75513756600009,78.2645531270002],[99.52214603000004,78.16526927300018],[99.53581790500016,78.14459870000007],[99.42603600400025,78.07566966400003],[99.30445397200009,78.05463288000018],[99.26832116000026,78.04157135600019],[99.35027103000027,78.02114492400014],[99.34400475400025,78.0074730490002],[99.42603600400025,77.98700592700004],[99.37134850400014,77.95966217700015],[99.47380618600027,77.95966217700015],[99.51465905000003,77.94354889500019],[99.6587020190002,77.96588776200022],[99.87126712300011,77.95221588700008],[100.03728274800028,77.96161530200013],[100.36622155000009,78.02285390800014],[100.48316491000003,78.0299746770001],[100.58277428500026,78.0614688170001],[101.01238040500016,78.13035716400015],[101.1543074880002,78.18292877800019],[101.20980879000024,78.19350820500006],[101.61378014400009,78.19013092700004],[101.97486412900008,78.21206289300005],[102.0473738940002,78.18667226800014],[102.17115319100026,78.20368073100019],[102.23853600400025,78.21979401200016],[102.60710696700028,78.22553131700005],[102.66586347700007,78.21857330900013],[102.68523196700028,78.19985586100017],[102.66032962300017,78.16449616100016],[102.8374129570002,78.18573639500005],[102.8930770190002,78.20673248900019],[102.86573326900003,78.21914297100011],[102.96322675900007,78.24982330900019],[103.01596113400024,78.25649648600009],[103.12110436300003,78.24412669500003],[103.31511478000004,78.25307851800008],[103.71257571700016,78.25629303600013],[103.9819442070002,78.28384023600015],[104.0830184250002,78.30914948100008],[104.18824303500026,78.32684967700018],[104.35328209700026,78.34145742400011],[104.5786238940002,78.3466250670001],[104.63038170700003,78.35675690300008],[104.72681725400014,78.33624909100021],[104.78736412900014,78.33637116100019],[105.0234481130002,78.40863678600016],[105.20948326900003,78.47357819200013],[105.3081160820002,78.48956940300013],[105.3574324880002,78.50625234600017],[105.3676863940002,78.54319896000013],[105.41553795700003,78.58344147300011],[105.33350670700003,78.60480377800016],[105.34376061300009,78.64232005400018],[105.29493248800009,78.68927643400019],[105.23959394600024,78.72500234600005],[105.25733483200008,78.74046458500015],[105.17505944100009,78.80927155200004],[105.05876712300028,78.84349192900004],[104.88705488400024,78.85712311400016],[104.75904381600026,78.85333893400013],[104.72291100400014,78.84349192900004],[104.75709069100014,78.81928131700013],[104.7251082690002,78.79083893400019],[104.60775800900007,78.77167389500005],[104.6587020190002,78.81956614800015],[104.63257897200015,78.84284088700008],[104.36670983200008,78.85712311400016],[104.49919681100027,78.86375560100004],[104.52491295700008,78.88507721600018],[104.48340905000009,78.89069245000019],[104.50375410200024,78.92544179900005],[104.45533287900025,78.9667422550001],[104.38314863400024,78.98859284100016],[104.07349694100014,79.00482819200019],[104.07374108200008,79.03278229400021],[103.97624759200005,79.0626488300002],[104.01710045700008,79.08462148600012],[104.02125084700003,79.10858795800016],[103.98910566500024,79.13084544500003],[103.80494225400025,79.1451683610002],[103.80795332100007,79.15350983300019],[103.66016686300009,79.13808828300006],[103.60629316500024,79.1383324240002],[103.64665774800028,79.16502513200012],[103.57349694100014,79.16998932500007],[103.53101647200026,79.15936920800013],[103.51685631600014,79.12742747600012],[103.46265709700026,79.11391836100015],[103.34913170700008,79.11635976800017],[103.29712975400008,79.10358307500013],[103.27767988400012,79.08319733300007],[103.14429772200026,79.05776601800014],[102.95826256600003,79.06321849200017],[102.88656660200013,79.04523346600013],[102.79004967500003,78.95604075700018],[102.68775475400014,78.91844310100018],[102.66578209700003,78.89240143400019],[102.53003991000014,78.84349192900004],[102.39144941500007,78.82843659100021],[102.44027754000007,78.88580963700022],[102.55046634200028,78.95648834800016],[102.59652754000024,78.97426992400005],[102.63990319100009,79.01422760600019],[102.69141686300009,79.03221263200015],[102.67400149800028,79.07684967700013],[102.77100670700008,79.11741771000004],[102.79761803500008,79.1383324240002],[102.74293053500014,79.15884023600015],[102.85962975400025,79.22028229400013],[102.82545006600014,79.22711823100013],[102.92994225400025,79.27570221600018]]],[[[92.99057050900007,79.41950104400021],[92.89242597700007,79.43573639500016],[92.79127037900008,79.44000885600008],[92.63803144600024,79.42023346600016],[92.59351647200026,79.40521881700013],[92.6689559250002,79.3876000020002],[92.79184004000024,79.3832461610001],[92.81324303500003,79.39899323100008],[92.90430748800003,79.39793528900012],[92.99057050900007,79.41950104400021]]],[[[92.3676863940002,79.42572663000018],[92.47055097700013,79.4325625670001],[92.30543053500014,79.45302969000016],[92.18181399800005,79.44782135600008],[92.11158287900008,79.42112864800015],[92.02881920700031,79.41331614800015],[91.94971764400003,79.42267487200019],[91.78467858200031,79.41950104400021],[92.24382571700028,79.38231028900003],[92.30543053500014,79.39158763200018],[92.26514733200014,79.41266510600019],[92.3676863940002,79.42572663000018]]],[[[91.37224368600027,79.48554108300004],[91.14421634200016,79.53733958500015],[90.79379316500024,79.56354401200008],[90.82007897200026,79.55670807500007],[91.19483483200014,79.51508209800011],[91.36361738400007,79.47785065300022],[91.38502037900014,79.46088288000004],[91.5312606130002,79.44928620000013],[91.37224368600027,79.48554108300004]]],[[[76.2773543630002,79.64545319200013],[76.16358483200031,79.66388580900016],[76.05144290500027,79.64850495000022],[76.05201256600026,79.62929922100017],[76.17432701900009,79.56907786700012],[76.55201256600014,79.5362002620002],[76.62061608200008,79.54857005400015],[76.68433678500014,79.52777741100016],[76.6948348320002,79.51044342700018],[76.64096113400007,79.48712799700007],[76.69605553500014,79.47760651200008],[77.58285566500007,79.49551015800014],[77.61378014400003,79.50897858300013],[77.59473717500003,79.53318919500012],[76.48226972700007,79.64374420800013],[76.42302493600027,79.6370303410001],[76.40699303500008,79.61749909100018],[76.26880944100009,79.60431549700016],[76.19947350400014,79.60858795800016],[76.14014733200008,79.63861725500013],[76.2773543630002,79.64545319200013]]],[[[100.08326256600026,79.68642812700006],[100.09693444100009,79.70062897300016],[100.02076256600014,79.70156484600005],[99.94662519600007,79.68642812700006],[99.9404403000002,79.64545319200013],[99.90577233200003,79.60382721600007],[99.94410241000026,79.59076569200019],[100.07016035200007,79.63861725500013],[100.1889754570002,79.65908437700017],[100.30982506600014,79.66596100500018],[100.25733483200008,79.68081289300005],[100.08326256600026,79.68642812700006]]],[[[94.15414472700007,79.98334381700005],[94.16944420700008,80.00853099200012],[94.24984785200024,80.01105377800022],[94.32764733200003,80.02899811400016],[94.25025475400025,80.0401065120002],[94.12582441500024,80.01886627800022],[93.9843856130002,80.01536692900004],[93.92986087300028,79.97443268400019],[93.99398847700024,79.96478913000004],[94.15414472700007,79.98334381700005]]],[[[90.90211022200009,80.07363515800014],[90.89486738400007,80.05499909100016],[90.99008222700024,80.05634186400005],[91.11361738400024,80.04889557500007],[91.16146894600007,80.02684153900017],[91.18189537900025,79.99485911700017],[91.15381920700031,79.98004791900019],[91.01758873800009,79.96698639500013],[91.08716881600026,79.95237864800009],[91.23243248800003,79.94179922100005],[91.29859459700015,79.9191348330001],[91.26238040500004,79.90302155200013],[91.16480553500003,79.89765045800016],[91.08277428500026,79.88397858300004],[91.07252037900025,79.85097890800009],[92.09945722700007,79.80988190300008],[92.28077233200031,79.77106354400007],[92.35328209700026,79.73419830900019],[92.28321373800009,79.71181875200017],[92.14812259200005,79.73419830900019],[91.94450931100016,79.71588776200022],[91.91570071700005,79.70693594000011],[91.9702254570002,79.69326406500016],[91.9218856130002,79.67894114800018],[92.62476647200015,79.6727969420001],[93.05209394600024,79.71527741100016],[93.27906334700003,79.76764557500016],[93.36182701900009,79.77521393400019],[93.46412194100026,79.80182526200014],[93.66993248800009,79.83173248900013],[93.74683678500026,79.85614655200015],[93.81373131600026,79.89866771000004],[93.72388756600026,79.92731354400019],[93.62818444100003,79.9334170590001],[92.64877363400007,79.98379140800014],[92.4243270190002,80.03070709800016],[92.04029381600009,80.03729889500005],[91.78207441500024,80.06378815300022],[91.59644616000003,80.03782786700003],[90.90211022200009,80.07363515800014]]],[[[97.77426191500012,80.13141510600008],[97.7392684250002,80.14923737200013],[97.59213300900007,80.1748721370002],[97.15479576900009,80.15444570500014],[96.71566816500012,80.11782461100012],[96.60792076900003,80.13825104400019],[96.50147545700008,80.1066348330001],[96.36003665500027,80.09870026200014],[96.25131269600024,80.11517975500013],[96.17408287900014,80.0914981140001],[96.10279381600014,80.09048086100015],[96.10962975400025,80.1109886740002],[95.50212649800005,80.11147695500017],[95.36304772200015,80.07916901200016],[95.33472741000026,80.02899811400016],[95.24187259200016,80.02155182500019],[95.20639082100007,80.03937409100007],[95.10775800900012,80.05634186400005],[95.10775800900012,80.07343170800019],[94.99293053500026,80.10187409100018],[94.9098413420001,80.09731679900005],[94.93555748800009,80.07127513200018],[94.89918053500026,80.05385976800011],[94.79371178500008,80.0426699890001],[94.79997806100005,80.02899811400016],[94.74976647200015,80.00747304900005],[94.45118248800009,79.96698639500013],[94.35124759200028,79.9769961610001],[94.32081139400003,79.96698639500013],[94.3823348320002,79.9334170590001],[94.29664147200003,79.92658112200007],[94.2246199880002,79.89866771000004],[94.28834069100014,79.89858633000006],[94.34799238400024,79.8849958350001],[94.3598738940002,79.86790599200015],[94.51587975400008,79.85398997600018],[94.64079837300017,79.83372630400015],[94.69011478000016,79.81610748900005],[94.16944420700008,79.77521393400019],[93.84791100400025,79.70966217700015],[93.79444420700031,79.68817780200004],[93.78565514400009,79.65851471600021],[93.61060631600026,79.61351146000013],[93.55152428500026,79.60911692900004],[93.28028405000003,79.55247630400015],[93.15707441500024,79.54266998900013],[92.97071373800009,79.57225169500018],[92.90333092500009,79.57469310100012],[92.85417728000016,79.55609772300011],[93.04175866000014,79.53432851800005],[93.05445397200026,79.5185407570001],[93.1762801440002,79.52875397300005],[93.27881920700008,79.51976146000013],[93.32016035200007,79.50145091400015],[93.27271569100026,79.4870059270001],[93.16309655000003,79.48407623900016],[93.11410566500007,79.46727122600015],[93.16928144600013,79.44501373900013],[93.2358504570002,79.43895091400003],[93.30347741000026,79.44525788000016],[93.3637801440002,79.46991608300016],[93.51384524800017,79.48676178600016],[93.45769290500027,79.49461497600004],[93.44947350400025,79.51455312700011],[93.58366946700005,79.55426666900013],[93.68539472700007,79.56317780200015],[93.72095787900025,79.5954043640001],[93.76514733200031,79.60382721600007],[93.88200931100027,79.60382721600007],[93.80005944100014,79.56293366100013],[93.69019616000026,79.54242584800016],[93.74887129000007,79.54385000200006],[93.82740319100003,79.51447174700013],[93.95883222700007,79.50568268400008],[93.9912215500002,79.49404531500016],[93.92457116000014,79.47052643400019],[93.76840254000007,79.47174713700022],[93.69695071700028,79.45986562700017],[93.7392684250002,79.4477399760001],[93.98804772200015,79.42715078300006],[94.04127037900014,79.42975495000016],[94.0805770190002,79.44684479400019],[94.05323326900003,79.47353750200011],[94.22291100400008,79.48663971600018],[94.31226647200003,79.4791934270001],[94.3623153000002,79.44000885600008],[94.32081139400003,79.39158763200018],[94.31332441500024,79.35000234600011],[94.35482832100024,79.31586334800011],[94.32081139400003,79.26430898600015],[94.36451256600003,79.23688385600008],[94.61736087300028,79.20132070500011],[94.64975019600013,79.17926666900021],[94.63233483200003,79.12742747600012],[94.82667076900009,79.06663646000018],[94.95728600400014,79.06952545800013],[95.01823978000004,79.03851959800019],[95.17969811300009,79.05215078300014],[95.28923587300028,79.07249583500004],[95.42212975400025,79.10626862200021],[95.52377363400024,79.10907623900016],[95.57520592500003,79.08307526200008],[95.67017662900025,79.06940338700014],[95.64283287900025,79.04897695500017],[95.6534936860001,79.01113515800012],[95.69727623800009,78.9982770850001],[95.85523522200015,79.00055573100008],[95.93246504000024,78.99290599200015],[96.36963951900009,79.02167389500019],[96.35450280000009,79.00678131700005],[96.28028405000003,78.9943301450001],[96.79851321700005,78.9892031920001],[96.86939537900014,78.96698639500005],[96.84205162900025,78.94594961100012],[96.91871178500003,78.94135163000018],[97.12322024800028,78.88507721600018],[97.20167076900003,78.87848541900013],[97.26392662900014,78.85301341400003],[97.55787194100009,78.85468170800004],[97.60303795700003,78.84349192900004],[97.55974368600016,78.83051178600013],[97.45232181100005,78.83803945500017],[97.40447024800028,78.82990143400008],[97.44223066500024,78.81720612200019],[97.67351321700005,78.82811107000009],[97.76075280000003,78.80878327000008],[97.94556725400025,78.80878327000008],[98.08277428500014,78.82420482000009],[98.08961022200015,78.80878327000008],[98.24048912900014,78.80878327000008],[98.32740319100003,78.78473541900021],[98.57960045700003,78.7821719420001],[98.5551863940002,78.80255768400019],[98.60271243600027,78.81586334800011],[98.92750084700015,78.8073184270001],[99.13306725400025,78.82746002800013],[99.40560957100007,78.82245514500019],[99.45834394600007,78.82880280200013],[99.55844160200013,78.85700104400019],[99.63038170700008,78.86762116100005],[99.6860457690002,78.89813873900016],[99.87720787900025,78.93113841400015],[99.92554772200026,78.9459903020001],[99.94662519600007,78.97011953300012],[99.86304772200015,79.02435944200016],[99.88599694100003,79.0414899760001],[99.8545028000002,79.08991120000019],[99.82105553500014,79.10146719000014],[99.52702884200028,79.12376536700015],[99.48804772200003,79.1451683610002],[99.55128014400009,79.14500560100015],[99.6108504570002,79.15884023600015],[99.58318118600027,79.1727969420001],[99.06226647200015,79.28001536700012],[99.03492272200026,79.2959658870002],[99.14698326900003,79.3106957050002],[99.41480553500026,79.26463450700015],[99.46013431100016,79.24754466400003],[99.47006269600024,79.26630280200018],[99.57056725400008,79.27216217700013],[99.6035262380002,79.2959658870002],[99.66667728000016,79.31224192900007],[99.74805748800003,79.36424388200012],[99.6972762380002,79.39642975500016],[99.73373457100024,79.41950104400021],[99.6860457690002,79.47353750200011],[99.70281009200028,79.48965078300017],[99.78907311300003,79.52191803600013],[99.70720462300028,79.56907786700012],[99.73943118600005,79.58437734600017],[99.7797957690002,79.6330427100001],[99.76791425900024,79.64545319200013],[99.86736087300005,79.67853424700007],[99.88111412900025,79.71141185100015],[99.81706790500016,79.74164459800016],[100.01392662900008,79.75633372600018],[100.07699629000012,79.78266022300016],[100.00171959700015,79.80548737200019],[100.0224715500002,79.82355377800022],[99.96257571700028,79.8460960960002],[99.88062584700015,79.85927969000005],[99.80339603000004,79.90550364800015],[99.66553795700003,79.9334170590001],[99.53581790500016,79.93573639500005],[99.50171959700015,79.95331452000019],[99.56316165500004,79.96698639500013],[99.37582441500007,79.9795596370002],[99.3628035820002,80.01215241100016],[99.30258222700013,80.01996491100016],[99.23072350400025,80.01019928600013],[99.15845787900025,80.01536692900004],[99.24781334700003,80.03583405200018],[99.19898522200003,80.0499942080001],[98.75619550900007,80.03778717700004],[98.55697675900007,80.05853913000004],[98.51539147200003,80.05231354400007],[98.43913821700016,80.01536692900004],[98.46558678500014,79.99990469000011],[98.57789147200015,79.98257070500011],[98.4873153000002,79.95555247600015],[98.4868270190002,79.93964264500005],[98.41863040500027,79.9191348330001],[98.45281009200028,79.90550364800015],[98.37720787900025,79.87787506700005],[98.25562584700003,79.87287018400019],[98.08790123800003,79.90550364800015],[97.92611738400007,79.90216705900022],[97.88404381600003,79.8771833350001],[97.91773522200003,79.85712311400005],[97.72315514400003,79.80536530200013],[97.70582116000026,79.76316966400009],[97.32789147200003,79.71906159100018],[97.2778426440002,79.70286692900007],[97.19157962300017,79.70693594000011],[97.21314537900025,79.7203636740002],[97.44385826900009,79.74461497600018],[97.57837975400025,79.76780833500013],[97.6303817070002,79.78880442900015],[97.52051842500003,79.80927155200013],[97.55152428500026,79.82371653900017],[97.65821373800009,79.82977936400016],[97.5825301440002,79.85712311400005],[97.6157332690002,79.85687897300011],[97.75196373800009,79.88617584800014],[97.82943769600024,79.9334170590001],[97.76807701900003,79.94647858300016],[97.85621178500014,79.97748444200019],[97.86264082100024,79.99974192900004],[97.95134524800005,80.00438060100015],[98.05884850400025,80.03180573100022],[98.08961022200015,80.05634186400005],[98.04297936300003,80.07111237200021],[97.94369550900012,80.0785993510001],[97.84693444100003,80.12677643400013],[97.77426191500012,80.13141510600008]]],[[[80.12191816500007,80.9572411155001],[79.7299910820002,80.98012929900005],[79.2378035820002,80.95311107000012],[79.21070397200026,80.96133047100011],[79.1211043630002,80.92991771000018],[79.07593834700015,80.90033600500013],[78.98658287900014,80.86102936400013],[78.9746199880002,80.8425967470001],[79.01148522200026,80.82412344000008],[79.12761478000027,80.80670807500019],[80.32642662900025,80.86054108300004],[80.41382897200015,80.90053945500017],[80.43718509200005,80.94017161700012],[80.12191816500007,80.9572411155001]]],[[[91.33277428500014,81.08075592700015],[91.37086022200003,81.10407135600008],[91.55933678500003,81.13019440300022],[91.57113691500024,81.14297109600017],[91.45484459700026,81.19261302300018],[90.07154381600003,81.2145449890001],[89.89389082100013,81.1735700540001],[89.92302493600027,81.15802643400008],[89.91456139400003,81.13263580900016],[89.99634850400008,81.1052920590001],[91.18620853000016,81.0568301450001],[91.33277428500014,81.08075592700015]]],[[[95.96753991000014,81.2050235050001],[95.96558678500008,81.2228050800002],[96.02027428500014,81.23444245000019],[95.89820397200026,81.25169505400012],[95.77662194100003,81.28880442900012],[95.1035262380002,81.27130768400008],[95.03394616000008,81.2486839860002],[95.06055748800003,81.24164459800014],[95.51807701900003,81.23029205900016],[95.54721113400012,81.22077057500007],[95.18702233200008,81.21759674700019],[95.10922285200024,81.1963565120002],[95.03711998800009,81.18793366100016],[94.88965905000009,81.14435455900013],[94.55713951900003,81.1039899760001],[94.38599694100014,81.11408112200016],[94.16163170700008,81.09247467700015],[94.05884850400025,81.06903717700018],[93.69971764400009,81.05402252800016],[93.65495853000004,81.03229401200008],[93.4713647800001,81.0438906920001],[93.0527449880002,80.99542877800022],[93.07585696700005,80.97345612200019],[93.16260826900009,80.94696686400013],[93.10694420700031,80.92072174700019],[92.88884524800011,80.91058991100005],[92.80518639400009,80.8917910830001],[92.67652428500026,80.87872955900022],[92.73121178500003,80.85146719000014],[92.70036868600005,80.84853750200011],[92.62818444100014,80.80988190300016],[92.55860436300003,80.80267975500013],[92.49724368600016,80.77570221600007],[92.5346785820002,80.7530785180002],[92.68238366000003,80.75519440300019],[92.75513756600026,80.77570221600007],[92.8984481130002,80.76203034100013],[93.27027428500014,80.79710521000013],[93.23959394600024,80.76943594000011],[92.88868248800009,80.68048737200019],[92.82520592500003,80.65062083500013],[92.81324303500003,80.6174177100001],[92.77898196700016,80.59690989800006],[92.82056725400014,80.58392975500004],[92.79265384200028,80.52928294500009],[92.74048912900025,80.51300690300016],[92.27662194100003,80.50946686400016],[91.9184676440002,80.46841054900017],[91.92750084700009,80.44839101800011],[92.01295006600014,80.44033437700017],[92.09685306100027,80.41889069200005],[92.62761478000027,80.39154694200016],[92.56226647200009,80.37946198100016],[92.10010826900003,80.40436432500019],[92.10010826900003,80.39032623900005],[91.9887801440002,80.40159739800006],[91.66236412900025,80.38523997600004],[91.6889754570002,80.37164948100008],[91.62468509200016,80.35956452000016],[91.47242272200003,80.35040924700019],[91.42212975400025,80.30955638200004],[91.50342858200031,80.30670807500019],[91.64128665500004,80.3170433610002],[91.53199303500014,80.28974030200004],[92.73552493600027,80.31130605700014],[92.79647871200018,80.31008535400022],[93.19214928500014,80.31647370000013],[93.24439537900014,80.30955638200004],[93.32016035200007,80.2760684270001],[93.28939863400012,80.26683177300004],[92.69206790500016,80.29913971600016],[92.10743248800009,80.28974030200004],[92.12964928500003,80.27586497600004],[92.21762129000024,80.26532623900016],[92.28101647200026,80.23041413000016],[92.36207116000014,80.22646719000016],[92.43897545700031,80.21010976800005],[92.69996178500014,80.20368073100013],[92.77572675900012,80.18976471600007],[92.85726972700013,80.18797435100018],[92.88819420700008,80.17243073100008],[92.83741295700031,80.16014232000003],[92.2182723320002,80.20294830900019],[92.06576582100007,80.17243073100008],[92.40845787900008,80.15192291900021],[92.50489342500009,80.15766022300019],[92.96501712300028,80.11102936400019],[92.9843856130002,80.09731679900005],[93.69410241000026,79.99811432500022],[93.74984785200024,79.99677155200004],[93.85059655000003,80.0202090520001],[94.17253665500016,80.04157135600016],[94.45777428500014,80.09442780200004],[94.53003991000003,80.13100820500006],[94.71802819100003,80.11782461100012],[94.86304772200015,80.1515567080001],[95.03394616000008,80.13825104400019],[97.1879988940002,80.23358795800013],[97.24984785200007,80.26459381700005],[97.38998457100024,80.29572174700013],[97.42286217500003,80.32697174700021],[97.33480879000012,80.34369538000004],[97.25074303500026,80.34369538000004],[97.20582116000026,80.35561758000017],[97.19157962300017,80.39154694200016],[97.1992293630002,80.43919505400004],[97.14698326900009,80.4536807310001],[97.13721764400003,80.49457428600013],[97.02076256600009,80.52586497600018],[97.04737389400003,80.58392975500004],[97.16032962300028,80.62254466400012],[97.19157962300017,80.64533112200013],[97.13062584700026,80.6658389340001],[97.29420006600003,80.67072174700016],[97.37322024800005,80.6527774110001],[97.55534915500027,80.67426178600005],[97.71900475400008,80.66364166900019],[97.80225670700003,80.69379303600013],[97.94410241000003,80.70014069200005],[97.97291100400025,80.72113678600019],[97.92652428500026,80.74095286700012],[97.80111738400012,80.73387278900015],[97.7470809250002,80.74160390800006],[97.85230553500026,80.75543854400016],[97.88355553500014,80.7694766300001],[97.81641686300009,80.78961823100013],[97.7470809250002,80.79621002800022],[97.7885848320002,80.8166364600001],[97.75464928500026,80.82929108300016],[97.65267988400024,80.82868073100019],[97.56088300900012,80.84202708500013],[97.41065514400009,80.83714427300015],[97.42481530000009,80.85146719000014],[96.97299238400024,80.90607330900019],[96.91089928500014,80.93333567900018],[96.76636803500026,80.94993724200015],[96.64405358200008,80.98798248900005],[96.73275800900024,81.0084496110002],[96.56861412900014,81.0227725280001],[96.53288821700028,81.06464264500019],[96.55469811300003,81.07737864800015],[96.2939559250002,81.13882070500014],[96.2749129570002,81.16107819200016],[96.15739993600027,81.17983633000014],[96.1352645190002,81.20246002800019],[95.96753991000014,81.2050235050001]]]]},"properties":{"adm1_code":"RUS-2603","diss_me":2603,"iso_3166_2":"RU-KYA","wikipedia":null,"iso_a2":"RU","adm0_sr":1,"name":"Krasnoyarsk","name_alt":"Krasnoyarskiy Kray|Yeniseisk|Yeniseyskaya G.","name_local":"Красноярский край","type":"Kray","type_en":"Territory","code_local":null,"code_hasc":"RU.KX","note":"expected merging of Taymyr, Evenk with Krasnoyarsk - 20070101","hasc_maybe":"RU.KX|RUS-KRA","region":"Siberian","region_cod":null,"provnum_ne":20003,"gadm_level":1,"check_me":20,"scalerank":2,"datarank":2,"abbrev":null,"postal":"KY","area_sqkm":0,"sameascity":6,"labelrank":6,"featurecla":"Admin-1 scale rank","name_len":11,"mapcolor9":7,"mapcolor13":7,"fips":"RS91","fips_alt":null,"woe_id":20070524,"woe_label":null,"woe_name":null,"latitude":65.5602,"longitude":95.2029,"sov_a3":"RUS","adm0_a3":"RUS","adm0_label":2,"admin":"Russia","geonunit":"Russia","gu_a3":"RUS","gn_id":1502020,"gn_name":"Krasnoyarskiy Kray","gns_id":-2936683,"gns_name":"Krasnoyarskiy Kray","gn_level":1,"gn_region":null,"gn_a1_code":"RU.91","region_sub":"East Siberian","sub_code":null,"gns_level":1,"gns_lang":"rus","gns_adm1":"RS91","gns_region":null,"min_label":5,"max_label":10.2,"min_zoom":4.7}}
]}